{
"meta":{"test_sets":[],"test_metrics":[],"learn_metrics":[{"best_value":"Min","name":"Logloss"}],"launch_mode":"Train","parameters":"","iteration_count":1000,"learn_sets":["learn"],"name":"experiment"},
"iterations":[
{"learn":[0.6891631363],"iteration":0,"passed_time":0.02409591164,"remaining_time":24.07181573},
{"learn":[0.6854740086],"iteration":1,"passed_time":0.04805108504,"remaining_time":23.97749143},
{"learn":[0.6818811058],"iteration":2,"passed_time":0.07275891436,"remaining_time":24.18021254},
{"learn":[0.6791649276],"iteration":3,"passed_time":0.0985874998,"remaining_time":24.54828745},
{"learn":[0.6769901119],"iteration":4,"passed_time":0.1174648777,"remaining_time":23.37551066},
{"learn":[0.6745786337],"iteration":5,"passed_time":0.1426933582,"remaining_time":23.639533},
{"learn":[0.6727813097],"iteration":6,"passed_time":0.1661377305,"remaining_time":23.56782377},
{"learn":[0.6708496023],"iteration":7,"passed_time":0.1898548662,"remaining_time":23.54200341},
{"learn":[0.669064529],"iteration":8,"passed_time":0.2129605062,"remaining_time":23.44931796},
{"learn":[0.6674854025],"iteration":9,"passed_time":0.2367707912,"remaining_time":23.44030833},
{"learn":[0.6656755608],"iteration":10,"passed_time":0.2588467818,"remaining_time":23.27267884},
{"learn":[0.6641597887],"iteration":11,"passed_time":0.2813694917,"remaining_time":23.16608815},
{"learn":[0.6629149027],"iteration":12,"passed_time":0.3134152336,"remaining_time":23.79544889},
{"learn":[0.6619091363],"iteration":13,"passed_time":0.3403212952,"remaining_time":23.96834265},
{"learn":[0.6609308983],"iteration":14,"passed_time":0.3640101145,"remaining_time":23.90333085},
{"learn":[0.6599454667],"iteration":15,"passed_time":0.3906041796,"remaining_time":24.02215705},
{"learn":[0.6592254011],"iteration":16,"passed_time":0.4144506529,"remaining_time":23.96499952},
{"learn":[0.6585001895],"iteration":17,"passed_time":0.4417032079,"remaining_time":24.0973639},
{"learn":[0.6576789133],"iteration":18,"passed_time":0.4692505764,"remaining_time":24.22814818},
{"learn":[0.6566606648],"iteration":19,"passed_time":0.4932199232,"remaining_time":24.16777624},
{"learn":[0.6561549682],"iteration":20,"passed_time":0.519773429,"remaining_time":24.23134224},
{"learn":[0.6555843858],"iteration":21,"passed_time":0.5429698158,"remaining_time":24.13747636},
{"learn":[0.6548884476],"iteration":22,"passed_time":0.5714279088,"remaining_time":24.27326378},
{"learn":[0.6542231717],"iteration":23,"passed_time":0.5957901003,"remaining_time":24.22879741},
{"learn":[0.6539039953],"iteration":24,"passed_time":0.6228323741,"remaining_time":24.29046259},
{"learn":[0.653334321],"iteration":25,"passed_time":0.6461447786,"remaining_time":24.20557747},
{"learn":[0.6527726951],"iteration":26,"passed_time":0.6706900263,"remaining_time":24.16968132},
{"learn":[0.6524412324],"iteration":27,"passed_time":0.6924711675,"remaining_time":24.03864196},
{"learn":[0.6519739616],"iteration":28,"passed_time":0.7157596462,"remaining_time":23.96560746},
{"learn":[0.651745401],"iteration":29,"passed_time":0.7368190106,"remaining_time":23.82381467},
{"learn":[0.6511630843],"iteration":30,"passed_time":0.7581576305,"remaining_time":23.69854013},
{"learn":[0.6509782914],"iteration":31,"passed_time":0.7729297713,"remaining_time":23.38112558},
{"learn":[0.6507116789],"iteration":32,"passed_time":0.7936721664,"remaining_time":23.25699954},
{"learn":[0.6502093655],"iteration":33,"passed_time":0.8149067286,"remaining_time":23.15293823},
{"learn":[0.6497545769],"iteration":34,"passed_time":0.8372367215,"remaining_time":23.08381246},
{"learn":[0.6494102225],"iteration":35,"passed_time":0.8620926525,"remaining_time":23.08492547},
{"learn":[0.6491964588],"iteration":36,"passed_time":0.8840315697,"remaining_time":23.00871356},
{"learn":[0.6487647115],"iteration":37,"passed_time":0.9045805137,"remaining_time":22.90016985},
{"learn":[0.6483974583],"iteration":38,"passed_time":0.9235996227,"remaining_time":22.75844198},
{"learn":[0.6480651408],"iteration":39,"passed_time":0.9462204551,"remaining_time":22.70929092},
{"learn":[0.6477509858],"iteration":40,"passed_time":0.9684213917,"remaining_time":22.65161255},
{"learn":[0.647497817],"iteration":41,"passed_time":0.9911807528,"remaining_time":22.60836098},
{"learn":[0.647046002],"iteration":42,"passed_time":1.016279149,"remaining_time":22.61811967},
{"learn":[0.6467924237],"iteration":43,"passed_time":1.037578291,"remaining_time":22.54374649},
{"learn":[0.6465386139],"iteration":44,"passed_time":1.059580443,"remaining_time":22.48665163},
{"learn":[0.6462684045],"iteration":45,"passed_time":1.081613338,"remaining_time":22.4317201},
{"learn":[0.645978911],"iteration":46,"passed_time":1.106382923,"remaining_time":22.43367928},
{"learn":[0.6457564045],"iteration":47,"passed_time":1.140018005,"remaining_time":22.61035711},
{"learn":[0.6455901301],"iteration":48,"passed_time":1.164886917,"remaining_time":22.60831547},
{"learn":[0.6452222002],"iteration":49,"passed_time":1.187652847,"remaining_time":22.5654041},
{"learn":[0.6450503346],"iteration":50,"passed_time":1.210344527,"remaining_time":22.5219011},
{"learn":[0.6448591849],"iteration":51,"passed_time":1.231463148,"remaining_time":22.45052046},
{"learn":[0.6447557129],"iteration":52,"passed_time":1.251995704,"remaining_time":22.37056475},
{"learn":[0.6445186588],"iteration":53,"passed_time":1.273279108,"remaining_time":22.30596364},
{"learn":[0.644283314],"iteration":54,"passed_time":1.299857132,"remaining_time":22.3339089},
{"learn":[0.6440137635],"iteration":55,"passed_time":1.320844018,"remaining_time":22.2656563},
{"learn":[0.6438548964],"iteration":56,"passed_time":1.342705801,"remaining_time":22.21353632},
{"learn":[0.6437078883],"iteration":57,"passed_time":1.364988545,"remaining_time":22.16929672},
{"learn":[0.6435005883],"iteration":58,"passed_time":1.388210588,"remaining_time":22.14078243},
{"learn":[0.6432793105],"iteration":59,"passed_time":1.410602596,"remaining_time":22.09944068},
{"learn":[0.6430810382],"iteration":60,"passed_time":1.437235037,"remaining_time":22.12399508},
{"learn":[0.6429036349],"iteration":61,"passed_time":1.46084825,"remaining_time":22.1012203},
{"learn":[0.6426104021],"iteration":62,"passed_time":1.483232655,"remaining_time":22.06014282},
{"learn":[0.6424677921],"iteration":63,"passed_time":1.506957373,"remaining_time":22.03925158},
{"learn":[0.6422844949],"iteration":64,"passed_time":1.528468458,"remaining_time":21.9864309},
{"learn":[0.6420111517],"iteration":65,"passed_time":1.553041425,"remaining_time":21.97788926},
{"learn":[0.6417218719],"iteration":66,"passed_time":1.672441971,"remaining_time":23.28937849},
{"learn":[0.6414041021],"iteration":67,"passed_time":1.709433946,"remaining_time":23.42930055},
{"learn":[0.6412400713],"iteration":68,"passed_time":1.733401105,"remaining_time":23.38835404},
{"learn":[0.6410758623],"iteration":69,"passed_time":1.761613918,"remaining_time":23.40429919},
{"learn":[0.6408404641],"iteration":70,"passed_time":1.785409796,"remaining_time":23.36120705},
{"learn":[0.6405723025],"iteration":71,"passed_time":1.811420771,"remaining_time":23.34720105},
{"learn":[0.6404606219],"iteration":72,"passed_time":1.837732719,"remaining_time":23.33668809},
{"learn":[0.6403256686],"iteration":73,"passed_time":1.861494328,"remaining_time":23.29383443},
{"learn":[0.6402114417],"iteration":74,"passed_time":1.892710762,"remaining_time":23.34343273},
{"learn":[0.6400156267],"iteration":75,"passed_time":1.915493648,"remaining_time":23.28837015},
{"learn":[0.6397070984],"iteration":76,"passed_time":1.942787124,"remaining_time":23.28821449},
{"learn":[0.6393574199],"iteration":77,"passed_time":1.966079485,"remaining_time":23.24006776},
{"learn":[0.6392016333],"iteration":78,"passed_time":1.991634599,"remaining_time":23.21892995},
{"learn":[0.6390552484],"iteration":79,"passed_time":2.018793354,"remaining_time":23.21612357},
{"learn":[0.6387790562],"iteration":80,"passed_time":2.047449026,"remaining_time":23.22969944},
{"learn":[0.6385741244],"iteration":81,"passed_time":2.076560132,"remaining_time":23.24734391},
{"learn":[0.6384861795],"iteration":82,"passed_time":2.103266619,"remaining_time":23.23729505},
{"learn":[0.6383245703],"iteration":83,"passed_time":2.131707624,"remaining_time":23.24576409},
{"learn":[0.638207441],"iteration":84,"passed_time":2.160731228,"remaining_time":23.25963616},
{"learn":[0.6380079758],"iteration":85,"passed_time":2.202814783,"remaining_time":23.4113106},
{"learn":[0.6378643686],"iteration":86,"passed_time":2.229686357,"remaining_time":23.39889246},
{"learn":[0.6376451385],"iteration":87,"passed_time":2.258403307,"remaining_time":23.40527064},
{"learn":[0.6374716347],"iteration":88,"passed_time":2.287856123,"remaining_time":23.41839246},
{"learn":[0.6373539],"iteration":89,"passed_time":2.312170524,"remaining_time":23.37861307},
{"learn":[0.6373227747],"iteration":90,"passed_time":2.339909414,"remaining_time":23.37338085},
{"learn":[0.6371439647],"iteration":91,"passed_time":2.362554336,"remaining_time":23.3173841},
{"learn":[0.6370015862],"iteration":92,"passed_time":2.385955012,"remaining_time":23.26947522},
{"learn":[0.6367366297],"iteration":93,"passed_time":2.409395568,"remaining_time":23.22247218},
{"learn":[0.636583051],"iteration":94,"passed_time":2.435104702,"remaining_time":23.19757637},
{"learn":[0.6362950355],"iteration":95,"passed_time":2.457186948,"remaining_time":23.13851043},
{"learn":[0.6361538856],"iteration":96,"passed_time":2.484775384,"remaining_time":23.13146569},
{"learn":[0.635960154],"iteration":97,"passed_time":2.509378968,"remaining_time":23.09652886},
{"learn":[0.6358070027],"iteration":98,"passed_time":2.535781758,"remaining_time":23.0781754},
{"learn":[0.6356260915],"iteration":99,"passed_time":2.557725316,"remaining_time":23.01952784},
{"learn":[0.6354529261],"iteration":100,"passed_time":2.583420321,"remaining_time":22.9949987},
{"learn":[0.6352771787],"iteration":101,"passed_time":2.606235754,"remaining_time":22.94509517},
{"learn":[0.63492109],"iteration":102,"passed_time":2.634086912,"remaining_time":22.93957243},
{"learn":[0.6347587329],"iteration":103,"passed_time":2.659395525,"remaining_time":22.91171529},
{"learn":[0.6346618314],"iteration":104,"passed_time":2.684851434,"remaining_time":22.88516222},
{"learn":[0.6343995103],"iteration":105,"passed_time":2.709651781,"remaining_time":22.85310087},
{"learn":[0.6342357821],"iteration":106,"passed_time":2.735991588,"remaining_time":22.83402326},
{"learn":[0.6340424778],"iteration":107,"passed_time":2.759361648,"remaining_time":22.79028324},
{"learn":[0.6337274146],"iteration":108,"passed_time":2.786198348,"remaining_time":22.77525438},
{"learn":[0.6335622085],"iteration":109,"passed_time":2.812360082,"remaining_time":22.75454976},
{"learn":[0.633384271],"iteration":110,"passed_time":2.836338534,"remaining_time":22.71626087},
{"learn":[0.6332390435],"iteration":111,"passed_time":2.859162021,"remaining_time":22.66907031},
{"learn":[0.6332210414],"iteration":112,"passed_time":2.87590952,"remaining_time":22.57461721},
{"learn":[0.6331496385],"iteration":113,"passed_time":2.895119912,"remaining_time":22.50066879},
{"learn":[0.6329561027],"iteration":114,"passed_time":2.918742547,"remaining_time":22.46162742},
{"learn":[0.6327088812],"iteration":115,"passed_time":2.945836501,"remaining_time":22.44930575},
{"learn":[0.6326182119],"iteration":116,"passed_time":2.967139253,"remaining_time":22.3930253},
{"learn":[0.6324900072],"iteration":117,"passed_time":2.989775112,"remaining_time":22.34730211},
{"learn":[0.6323501571],"iteration":118,"passed_time":3.013456762,"remaining_time":22.3097093},
{"learn":[0.6322389573],"iteration":119,"passed_time":3.037010206,"remaining_time":22.27140818},
{"learn":[0.6321786298],"iteration":120,"passed_time":3.059453394,"remaining_time":22.2252854},
{"learn":[0.6319700478],"iteration":121,"passed_time":3.081370796,"remaining_time":22.17576687},
{"learn":[0.6317991437],"iteration":122,"passed_time":3.10890231,"remaining_time":22.16672623},
{"learn":[0.6316713663],"iteration":123,"passed_time":3.132448402,"remaining_time":22.12923226},
{"learn":[0.6315090805],"iteration":124,"passed_time":3.158711111,"remaining_time":22.11097778},
{"learn":[0.6312807335],"iteration":125,"passed_time":3.189458391,"remaining_time":22.12370344},
{"learn":[0.6311268522],"iteration":126,"passed_time":3.212893804,"remaining_time":22.0854826},
{"learn":[0.6310020306],"iteration":127,"passed_time":3.235357302,"remaining_time":22.04087162},
{"learn":[0.6309062332],"iteration":128,"passed_time":3.257406686,"remaining_time":21.99380793},
{"learn":[0.630780735],"iteration":129,"passed_time":3.278387557,"remaining_time":21.93997827},
{"learn":[0.6307401724],"iteration":130,"passed_time":3.308806419,"remaining_time":21.94925785},
{"learn":[0.6306232568],"iteration":131,"passed_time":3.340898962,"remaining_time":21.96894166},
{"learn":[0.6306046315],"iteration":132,"passed_time":3.375463254,"remaining_time":22.00395971},
{"learn":[0.6305117899],"iteration":133,"passed_time":3.406386697,"remaining_time":22.01440955},
{"learn":[0.6303795609],"iteration":134,"passed_time":3.438523995,"remaining_time":22.03202412},
{"learn":[0.6301979019],"iteration":135,"passed_time":3.465696026,"remaining_time":22.01736299},
{"learn":[0.6300085505],"iteration":136,"passed_time":3.49502555,"remaining_time":22.01610985},
{"learn":[0.6298957838],"iteration":137,"passed_time":3.52477903,"remaining_time":22.017098},
{"learn":[0.6298074115],"iteration":138,"passed_time":3.550443764,"remaining_time":21.99231713},
{"learn":[0.6295964791],"iteration":139,"passed_time":3.576644704,"remaining_time":21.97081747},
{"learn":[0.6295021417],"iteration":140,"passed_time":3.609912368,"remaining_time":21.99230301},
{"learn":[0.6294208207],"iteration":141,"passed_time":3.639828221,"remaining_time":21.99276489},
{"learn":[0.6291929902],"iteration":142,"passed_time":3.66637755,"remaining_time":21.9726263},
{"learn":[0.6291373636],"iteration":143,"passed_time":3.69111991,"remaining_time":21.94165724},
{"learn":[0.6289833754],"iteration":144,"passed_time":3.721303693,"remaining_time":21.94285971},
{"learn":[0.6288520546],"iteration":145,"passed_time":3.744559836,"remaining_time":21.90311027},
{"learn":[0.6288209471],"iteration":146,"passed_time":3.771693307,"remaining_time":21.88608429},
{"learn":[0.6286699504],"iteration":147,"passed_time":3.795291611,"remaining_time":21.84857062},
{"learn":[0.6285960368],"iteration":148,"passed_time":3.823914622,"remaining_time":21.8399419},
{"learn":[0.6285373297],"iteration":149,"passed_time":3.849388734,"remaining_time":21.81320283},
{"learn":[0.6283457526],"iteration":150,"passed_time":3.871927038,"remaining_time":21.76997387},
{"learn":[0.6282715185],"iteration":151,"passed_time":3.895268685,"remaining_time":21.73149898},
{"learn":[0.6281999731],"iteration":152,"passed_time":3.923769472,"remaining_time":21.72178263},
{"learn":[0.6280900731],"iteration":153,"passed_time":3.947799825,"remaining_time":21.68726397},
{"learn":[0.6278684391],"iteration":154,"passed_time":3.968737743,"remaining_time":21.63602189},
{"learn":[0.6277934393],"iteration":155,"passed_time":3.989991358,"remaining_time":21.58687632},
{"learn":[0.6277019866],"iteration":156,"passed_time":4.013918535,"remaining_time":21.55244156},
{"learn":[0.6275974107],"iteration":157,"passed_time":4.037597133,"remaining_time":21.5168151},
{"learn":[0.6274319375],"iteration":158,"passed_time":4.060440062,"remaining_time":21.47691882},
{"learn":[0.6273154492],"iteration":159,"passed_time":4.085288432,"remaining_time":21.44776427},
{"learn":[0.6272652357],"iteration":160,"passed_time":4.109198151,"remaining_time":21.41377173},
{"learn":[0.6271843065],"iteration":161,"passed_time":4.140701092,"remaining_time":21.41918219},
{"learn":[0.6271232845],"iteration":162,"passed_time":4.170786266,"remaining_time":21.41685954},
{"learn":[0.62693607],"iteration":163,"passed_time":4.207572236,"remaining_time":21.44835603},
{"learn":[0.626820294],"iteration":164,"passed_time":4.235872625,"remaining_time":21.43608268},
{"learn":[0.6267318861],"iteration":165,"passed_time":4.261453873,"remaining_time":21.409955},
{"learn":[0.6266443863],"iteration":166,"passed_time":4.283411906,"remaining_time":21.36576118},
{"learn":[0.6265032365],"iteration":167,"passed_time":4.307921612,"remaining_time":21.33446894},
{"learn":[0.6263295012],"iteration":168,"passed_time":4.3368842,"remaining_time":21.32515249},
{"learn":[0.626292393],"iteration":169,"passed_time":4.361745961,"remaining_time":21.29558322},
{"learn":[0.6262361788],"iteration":170,"passed_time":4.383781377,"remaining_time":21.25236703},
{"learn":[0.6259681062],"iteration":171,"passed_time":4.41158803,"remaining_time":21.23717958},
{"learn":[0.6257249089],"iteration":172,"passed_time":4.43711328,"remaining_time":21.21094036},
{"learn":[0.6256128544],"iteration":173,"passed_time":4.465105142,"remaining_time":21.19641866},
{"learn":[0.6254838839],"iteration":174,"passed_time":4.488780682,"remaining_time":21.16139465},
{"learn":[0.6252316411],"iteration":175,"passed_time":4.513796295,"remaining_time":21.13277356},
{"learn":[0.6249877493],"iteration":176,"passed_time":4.53796101,"remaining_time":21.10023679},
{"learn":[0.6248152961],"iteration":177,"passed_time":4.56276365,"remaining_time":21.07074},
{"learn":[0.6246181101],"iteration":178,"passed_time":4.590974832,"remaining_time":21.05692926},
{"learn":[0.6245105783],"iteration":179,"passed_time":4.617467762,"remaining_time":21.03513092},
{"learn":[0.6243949982],"iteration":180,"passed_time":4.641603936,"remaining_time":21.00261671},
{"learn":[0.6242665619],"iteration":181,"passed_time":4.664431416,"remaining_time":20.96431263},
{"learn":[0.6241074278],"iteration":182,"passed_time":4.690835147,"remaining_time":20.9421438},
{"learn":[0.6238525674],"iteration":183,"passed_time":4.716331241,"remaining_time":20.91590376},
{"learn":[0.6238058617],"iteration":184,"passed_time":4.737627148,"remaining_time":20.87116825},
{"learn":[0.6237461574],"iteration":185,"passed_time":4.762631306,"remaining_time":20.84291335},
{"learn":[0.6235284764],"iteration":186,"passed_time":4.784628515,"remaining_time":20.80162023},
{"learn":[0.6233991142],"iteration":187,"passed_time":4.809788008,"remaining_time":20.77419076},
{"learn":[0.6232240257],"iteration":188,"passed_time":4.833065417,"remaining_time":20.73870928},
{"learn":[0.6230744535],"iteration":189,"passed_time":4.856920829,"remaining_time":20.70582038},
{"learn":[0.6228828942],"iteration":190,"passed_time":4.879389653,"remaining_time":20.66715303},
{"learn":[0.6227362422],"iteration":191,"passed_time":4.908554244,"remaining_time":20.65683244},
{"learn":[0.6225463923],"iteration":192,"passed_time":4.9305584,"remaining_time":20.61637632},
{"learn":[0.6223530702],"iteration":193,"passed_time":4.955233729,"remaining_time":20.58720817},
{"learn":[0.6221957879],"iteration":194,"passed_time":4.977267696,"remaining_time":20.54718203},
{"learn":[0.6220958416],"iteration":195,"passed_time":4.998852235,"remaining_time":20.5054959},
{"learn":[0.6217944536],"iteration":196,"passed_time":5.02708199,"remaining_time":20.4911007},
{"learn":[0.6217120464],"iteration":197,"passed_time":5.049697119,"remaining_time":20.45382369},
{"learn":[0.6215583966],"iteration":198,"passed_time":5.072833548,"remaining_time":20.41879232},
{"learn":[0.6213601065],"iteration":199,"passed_time":5.094732281,"remaining_time":20.37892912},
{"learn":[0.6212530199],"iteration":200,"passed_time":5.117122495,"remaining_time":20.34119838},
{"learn":[0.6210841636],"iteration":201,"passed_time":5.141531167,"remaining_time":20.31159342},
{"learn":[0.6208747447],"iteration":202,"passed_time":5.171465114,"remaining_time":20.30373249},
{"learn":[0.6207858382],"iteration":203,"passed_time":5.199107817,"remaining_time":20.28671482},
{"learn":[0.6205897383],"iteration":204,"passed_time":5.24129251,"remaining_time":20.32598803},
{"learn":[0.620452951],"iteration":205,"passed_time":5.271703227,"remaining_time":20.31908914},
{"learn":[0.6202795362],"iteration":206,"passed_time":5.307640436,"remaining_time":20.33313462},
{"learn":[0.6201399177],"iteration":207,"passed_time":5.356431975,"remaining_time":20.39564483},
{"learn":[0.6199650784],"iteration":208,"passed_time":5.407038336,"remaining_time":20.46395849},
{"learn":[0.6197045379],"iteration":209,"passed_time":5.451891881,"remaining_time":20.50949803},
{"learn":[0.6194134775],"iteration":210,"passed_time":5.494996012,"remaining_time":20.54763912},
{"learn":[0.619242057],"iteration":211,"passed_time":5.527915289,"remaining_time":20.54715683},
{"learn":[0.6189751952],"iteration":212,"passed_time":5.557999185,"remaining_time":20.5358937},
{"learn":[0.61881745],"iteration":213,"passed_time":5.579946346,"remaining_time":20.49456929},
{"learn":[0.6185447477],"iteration":214,"passed_time":5.603885115,"remaining_time":20.46069682},
{"learn":[0.618432622],"iteration":215,"passed_time":5.629024601,"remaining_time":20.43127448},
{"learn":[0.618284955],"iteration":216,"passed_time":5.655596757,"remaining_time":20.40706111},
{"learn":[0.6181935023],"iteration":217,"passed_time":5.684434373,"remaining_time":20.39095266},
{"learn":[0.6178524954],"iteration":218,"passed_time":5.715574645,"remaining_time":20.38293972},
{"learn":[0.6177318939],"iteration":219,"passed_time":5.744821632,"remaining_time":20.36800397},
{"learn":[0.6175336573],"iteration":220,"passed_time":5.782634146,"remaining_time":20.38313122},
{"learn":[0.6173723686],"iteration":221,"passed_time":5.83407536,"remaining_time":20.44554338},
{"learn":[0.6171571983],"iteration":222,"passed_time":5.922532252,"remaining_time":20.63590834},
{"learn":[0.6169733135],"iteration":223,"passed_time":5.990786902,"remaining_time":20.75379748},
{"learn":[0.6168058816],"iteration":224,"passed_time":6.042864576,"remaining_time":20.81431132},
{"learn":[0.6165705368],"iteration":225,"passed_time":6.065748904,"remaining_time":20.77384801},
{"learn":[0.6163467483],"iteration":226,"passed_time":6.0878109,"remaining_time":20.73073932},
{"learn":[0.6160756308],"iteration":227,"passed_time":6.112757677,"remaining_time":20.69758301},
{"learn":[0.6158816677],"iteration":228,"passed_time":6.142292974,"remaining_time":20.67994709},
{"learn":[0.6157377223],"iteration":229,"passed_time":6.169374762,"remaining_time":20.65399377},
{"learn":[0.6156276798],"iteration":230,"passed_time":6.193243587,"remaining_time":20.61733471},
{"learn":[0.6154184746],"iteration":231,"passed_time":6.219526159,"remaining_time":20.58877625},
{"learn":[0.6152867264],"iteration":232,"passed_time":6.241448516,"remaining_time":20.54588417},
{"learn":[0.6150825069],"iteration":233,"passed_time":6.269460414,"remaining_time":20.52310546},
{"learn":[0.6148747439],"iteration":234,"passed_time":6.295251044,"remaining_time":20.49305127},
{"learn":[0.6146811904],"iteration":235,"passed_time":6.316396016,"remaining_time":20.44799388},
{"learn":[0.6144498164],"iteration":236,"passed_time":6.339836128,"remaining_time":20.41052728},
{"learn":[0.6142172138],"iteration":237,"passed_time":6.363155525,"remaining_time":20.37279206},
{"learn":[0.6140077592],"iteration":238,"passed_time":6.387780455,"remaining_time":20.33933442},
{"learn":[0.6138502276],"iteration":239,"passed_time":6.414958079,"remaining_time":20.31403392},
{"learn":[0.6135611615],"iteration":240,"passed_time":6.438288098,"remaining_time":20.27660027},
{"learn":[0.6133921983],"iteration":241,"passed_time":6.461728614,"remaining_time":20.2396293},
{"learn":[0.6131670209],"iteration":242,"passed_time":6.48517557,"remaining_time":20.20278974},
{"learn":[0.6130466687],"iteration":243,"passed_time":6.508916274,"remaining_time":20.1669701},
{"learn":[0.6129441049],"iteration":244,"passed_time":6.537782703,"remaining_time":20.14704466},
{"learn":[0.6127734679],"iteration":245,"passed_time":6.569850613,"remaining_time":20.13685919},
{"learn":[0.6126278843],"iteration":246,"passed_time":6.592280405,"remaining_time":20.09711395},
{"learn":[0.6123628387],"iteration":247,"passed_time":6.614341907,"remaining_time":20.05639159},
{"learn":[0.6122198014],"iteration":248,"passed_time":6.635011021,"remaining_time":20.01161959},
{"learn":[0.6119993248],"iteration":249,"passed_time":6.656250022,"remaining_time":19.96875007},
{"learn":[0.6117767649],"iteration":250,"passed_time":6.68032316,"remaining_time":19.93451015},
{"learn":[0.611529116],"iteration":251,"passed_time":6.707591798,"remaining_time":19.90983597},
{"learn":[0.6112961751],"iteration":252,"passed_time":6.729392478,"remaining_time":19.86899676},
{"learn":[0.6111880023],"iteration":253,"passed_time":6.755622252,"remaining_time":19.84131575},
{"learn":[0.6109806311],"iteration":254,"passed_time":6.782474527,"remaining_time":19.81546479},
{"learn":[0.6106761092],"iteration":255,"passed_time":6.804720952,"remaining_time":19.77622027},
{"learn":[0.6104854046],"iteration":256,"passed_time":6.827119425,"remaining_time":19.7375476},
{"learn":[0.6102644651],"iteration":257,"passed_time":6.861345212,"remaining_time":19.73301608},
{"learn":[0.609983661],"iteration":258,"passed_time":6.883229987,"remaining_time":19.69294757},
{"learn":[0.6097198975],"iteration":259,"passed_time":6.907673555,"remaining_time":19.66030166},
{"learn":[0.6095427257],"iteration":260,"passed_time":6.928653475,"remaining_time":19.61791156},
{"learn":[0.6093789441],"iteration":261,"passed_time":6.950647372,"remaining_time":19.57854107},
{"learn":[0.6091329156],"iteration":262,"passed_time":6.978617236,"remaining_time":19.55604906},
{"learn":[0.6089368869],"iteration":263,"passed_time":6.999792114,"remaining_time":19.51457195},
{"learn":[0.608729213],"iteration":264,"passed_time":7.023426455,"remaining_time":19.4800696},
{"learn":[0.6085491387],"iteration":265,"passed_time":7.04346117,"remaining_time":19.43571616},
{"learn":[0.6082706851],"iteration":266,"passed_time":7.078317407,"remaining_time":19.43223468},
{"learn":[0.6080453653],"iteration":267,"passed_time":7.101453957,"remaining_time":19.39650857},
{"learn":[0.6078531828],"iteration":268,"passed_time":7.129071236,"remaining_time":19.37305232},
{"learn":[0.607609291],"iteration":269,"passed_time":7.149988162,"remaining_time":19.33144947},
{"learn":[0.6074310686],"iteration":270,"passed_time":7.173464125,"remaining_time":19.2968832},
{"learn":[0.6071742139],"iteration":271,"passed_time":7.194585186,"remaining_time":19.25609565},
{"learn":[0.6068686592],"iteration":272,"passed_time":7.216508962,"remaining_time":19.2175898},
{"learn":[0.606751797],"iteration":273,"passed_time":7.237799641,"remaining_time":19.17752752},
{"learn":[0.6065641551],"iteration":274,"passed_time":7.260636794,"remaining_time":19.14167882},
{"learn":[0.6063051993],"iteration":275,"passed_time":7.28659307,"remaining_time":19.11410646},
{"learn":[0.6062355235],"iteration":276,"passed_time":7.314141109,"remaining_time":19.09070044},
{"learn":[0.6060399935],"iteration":277,"passed_time":7.336081136,"remaining_time":19.05269993},
{"learn":[0.6059399314],"iteration":278,"passed_time":7.357555854,"remaining_time":19.01361208},
{"learn":[0.6057156977],"iteration":279,"passed_time":7.380580227,"remaining_time":18.97863487},
{"learn":[0.6054468328],"iteration":280,"passed_time":7.412692663,"remaining_time":18.96699653},
{"learn":[0.6052702574],"iteration":281,"passed_time":7.441473184,"remaining_time":18.9467296},
{"learn":[0.6050637765],"iteration":282,"passed_time":7.464470933,"remaining_time":18.91175144},
{"learn":[0.6049312003],"iteration":283,"passed_time":7.487399392,"remaining_time":18.87668297},
{"learn":[0.6047352073],"iteration":284,"passed_time":7.50869803,"remaining_time":18.83761085},
{"learn":[0.6044475568],"iteration":285,"passed_time":7.53060461,"remaining_time":18.80018074},
{"learn":[0.604301439],"iteration":286,"passed_time":7.555635542,"remaining_time":18.7706207},
{"learn":[0.6042602799],"iteration":287,"passed_time":7.575844064,"remaining_time":18.72917005},
{"learn":[0.6040434358],"iteration":288,"passed_time":7.598791416,"remaining_time":18.69460449},
{"learn":[0.6038712408],"iteration":289,"passed_time":7.621105172,"remaining_time":18.65856783},
{"learn":[0.603621838],"iteration":290,"passed_time":7.640937534,"remaining_time":18.61657977},
{"learn":[0.6034044508],"iteration":291,"passed_time":7.667225724,"remaining_time":18.59039662},
{"learn":[0.6033000796],"iteration":292,"passed_time":7.691719936,"remaining_time":18.55988394},
{"learn":[0.6031610665],"iteration":293,"passed_time":7.715432551,"remaining_time":18.52753531},
{"learn":[0.6029375005],"iteration":294,"passed_time":7.736396053,"remaining_time":18.48867531},
{"learn":[0.6027678963],"iteration":295,"passed_time":7.758060819,"remaining_time":18.45160411},
{"learn":[0.6025650212],"iteration":296,"passed_time":7.780397999,"remaining_time":18.41622826},
{"learn":[0.6022801929],"iteration":297,"passed_time":7.802966915,"remaining_time":18.38148582},
{"learn":[0.6020403521],"iteration":298,"passed_time":7.827176204,"remaining_time":18.35067063},
{"learn":[0.6018789654],"iteration":299,"passed_time":7.848080876,"remaining_time":18.31218871},
{"learn":[0.6016862399],"iteration":300,"passed_time":7.871980533,"remaining_time":18.28077871},
{"learn":[0.6015271057],"iteration":301,"passed_time":7.901318707,"remaining_time":18.26198827},
{"learn":[0.6013140098],"iteration":302,"passed_time":7.922173728,"remaining_time":18.22361415},
{"learn":[0.6010850574],"iteration":303,"passed_time":7.942318813,"remaining_time":18.18372991},
{"learn":[0.6008230123],"iteration":304,"passed_time":7.966847045,"remaining_time":18.15396294},
{"learn":[0.6006334562],"iteration":305,"passed_time":7.990387178,"remaining_time":18.12198922},
{"learn":[0.6004914338],"iteration":306,"passed_time":8.013872467,"remaining_time":18.08994664},
{"learn":[0.6002609323],"iteration":307,"passed_time":8.037581815,"remaining_time":18.05846304},
{"learn":[0.6001269583],"iteration":308,"passed_time":8.063283398,"remaining_time":18.03148488},
{"learn":[0.5999796475],"iteration":309,"passed_time":8.08596264,"remaining_time":17.99778781},
{"learn":[0.5998462878],"iteration":310,"passed_time":8.111200946,"remaining_time":17.96983103},
{"learn":[0.5996626879],"iteration":311,"passed_time":8.132688,"remaining_time":17.93361969},
{"learn":[0.5995164811],"iteration":312,"passed_time":8.154894315,"remaining_time":17.89908113},
{"learn":[0.5993116116],"iteration":313,"passed_time":8.178477577,"remaining_time":17.86762936},
{"learn":[0.5990411174],"iteration":314,"passed_time":8.200684499,"remaining_time":17.83323455},
{"learn":[0.5988193944],"iteration":315,"passed_time":8.221805378,"remaining_time":17.79656607},
{"learn":[0.5985783249],"iteration":316,"passed_time":8.243887114,"remaining_time":17.76206593},
{"learn":[0.5983853946],"iteration":317,"passed_time":8.280018811,"remaining_time":17.75777619},
{"learn":[0.5981361164],"iteration":318,"passed_time":8.301153723,"remaining_time":17.72127174},
{"learn":[0.5978129247],"iteration":319,"passed_time":8.325054205,"remaining_time":17.69074019},
{"learn":[0.5976008615],"iteration":320,"passed_time":8.347302988,"remaining_time":17.65675616},
{"learn":[0.5974029187],"iteration":321,"passed_time":8.370195409,"remaining_time":17.62420027},
{"learn":[0.5972236368],"iteration":322,"passed_time":8.39350311,"remaining_time":17.59257463},
{"learn":[0.5970183133],"iteration":323,"passed_time":8.419279517,"remaining_time":17.56615109},
{"learn":[0.5968459492],"iteration":324,"passed_time":8.447827508,"remaining_time":17.5454879},
{"learn":[0.59671015],"iteration":325,"passed_time":8.48558173,"remaining_time":17.54381008},
{"learn":[0.5964030462],"iteration":326,"passed_time":8.514127624,"remaining_time":17.52295991},
{"learn":[0.596298684],"iteration":327,"passed_time":8.543883937,"remaining_time":17.5045427},
{"learn":[0.5961514177],"iteration":328,"passed_time":8.584330609,"remaining_time":17.50785969},
{"learn":[0.5958549798],"iteration":329,"passed_time":8.612999755,"remaining_time":17.4869995},
{"learn":[0.5956777545],"iteration":330,"passed_time":8.642386816,"remaining_time":17.46754314},
{"learn":[0.5954269094],"iteration":331,"passed_time":8.675052093,"remaining_time":17.45462289},
{"learn":[0.5952757524],"iteration":332,"passed_time":8.710569598,"remaining_time":17.44729706},
{"learn":[0.595094868],"iteration":333,"passed_time":8.736652704,"remaining_time":17.42099012},
{"learn":[0.5948555791],"iteration":334,"passed_time":8.765381056,"remaining_time":17.39993553},
{"learn":[0.5948047869],"iteration":335,"passed_time":8.791547751,"remaining_time":17.37377294},
{"learn":[0.5946314612],"iteration":336,"passed_time":8.820895593,"remaining_time":17.35386878},
{"learn":[0.5944650621],"iteration":337,"passed_time":8.855063036,"remaining_time":17.34334831},
{"learn":[0.5942920836],"iteration":338,"passed_time":8.884841693,"remaining_time":17.32413085},
{"learn":[0.5941305634],"iteration":339,"passed_time":8.906882966,"remaining_time":17.28983164},
{"learn":[0.5939920221],"iteration":340,"passed_time":8.92856586,"remaining_time":17.25491174},
{"learn":[0.5937930376],"iteration":341,"passed_time":8.949588692,"remaining_time":17.2187993},
{"learn":[0.5936249915],"iteration":342,"passed_time":8.973962452,"remaining_time":17.18919338},
{"learn":[0.5934639876],"iteration":343,"passed_time":9.001877738,"remaining_time":17.1663715},
{"learn":[0.5932578718],"iteration":344,"passed_time":9.030049579,"remaining_time":17.14400717},
{"learn":[0.5930615849],"iteration":345,"passed_time":9.058277035,"remaining_time":17.1217144},
{"learn":[0.5929302374],"iteration":346,"passed_time":9.080964905,"remaining_time":17.08896277},
{"learn":[0.592726739],"iteration":347,"passed_time":9.102440289,"remaining_time":17.05399732},
{"learn":[0.5925826778],"iteration":348,"passed_time":9.127890493,"remaining_time":17.02652353},
{"learn":[0.5924551497],"iteration":349,"passed_time":9.151886063,"remaining_time":16.99635983},
{"learn":[0.5922333822],"iteration":350,"passed_time":9.173368135,"remaining_time":16.96158382},
{"learn":[0.5920289668],"iteration":351,"passed_time":9.19490599,"remaining_time":16.92698603},
{"learn":[0.5918832051],"iteration":352,"passed_time":9.216148274,"remaining_time":16.89192049},
{"learn":[0.5918118022],"iteration":353,"passed_time":9.23705777,"remaining_time":16.85632576},
{"learn":[0.5916659515],"iteration":354,"passed_time":9.264500449,"remaining_time":16.83268391},
{"learn":[0.5914867052],"iteration":355,"passed_time":9.288676874,"remaining_time":16.8031121},
{"learn":[0.5913252384],"iteration":356,"passed_time":9.311431317,"remaining_time":16.77100935},
{"learn":[0.5911535152],"iteration":357,"passed_time":9.334855036,"remaining_time":16.74015903},
{"learn":[0.5910057681],"iteration":358,"passed_time":9.35694266,"remaining_time":16.70696447},
{"learn":[0.5908168086],"iteration":359,"passed_time":9.378005502,"remaining_time":16.67200978},
{"learn":[0.5906509259],"iteration":360,"passed_time":9.402224012,"remaining_time":16.64271785},
{"learn":[0.5905219643],"iteration":361,"passed_time":9.424881898,"remaining_time":16.61070346},
{"learn":[0.5903774491],"iteration":362,"passed_time":9.445253735,"remaining_time":16.57472901},
{"learn":[0.5902412493],"iteration":363,"passed_time":9.466342424,"remaining_time":16.54009281},
{"learn":[0.5900861394],"iteration":364,"passed_time":9.488063786,"remaining_time":16.50663152},
{"learn":[0.5899659919],"iteration":365,"passed_time":9.509228673,"remaining_time":16.47227043},
{"learn":[0.5897888022],"iteration":366,"passed_time":9.531556543,"remaining_time":16.43998717},
{"learn":[0.5896153697],"iteration":367,"passed_time":9.555176599,"remaining_time":16.4099772},
{"learn":[0.5894112837],"iteration":368,"passed_time":9.579530861,"remaining_time":16.38125738},
{"learn":[0.5893025768],"iteration":369,"passed_time":9.600863498,"remaining_time":16.34741623},
{"learn":[0.5891368276],"iteration":370,"passed_time":9.623021917,"remaining_time":16.31504255},
{"learn":[0.5890806846],"iteration":371,"passed_time":9.655458244,"remaining_time":16.30007467},
{"learn":[0.5889695382],"iteration":372,"passed_time":9.681343105,"remaining_time":16.27400034},
{"learn":[0.5888127455],"iteration":373,"passed_time":9.716139432,"remaining_time":16.26284301},
{"learn":[0.5886931145],"iteration":374,"passed_time":9.739190693,"remaining_time":16.23198449},
{"learn":[0.5884905599],"iteration":375,"passed_time":9.760377506,"remaining_time":16.19807331},
{"learn":[0.5883019208],"iteration":376,"passed_time":9.781400362,"remaining_time":16.16395869},
{"learn":[0.5881476655],"iteration":377,"passed_time":9.802519102,"remaining_time":16.13007111},
{"learn":[0.5879865994],"iteration":378,"passed_time":9.825186582,"remaining_time":16.09878857},
{"learn":[0.5878265749],"iteration":379,"passed_time":9.849570477,"remaining_time":16.07035183},
{"learn":[0.5877280887],"iteration":380,"passed_time":9.87062314,"remaining_time":16.03652421},
{"learn":[0.5874612893],"iteration":381,"passed_time":9.89213471,"remaining_time":16.00350589},
{"learn":[0.5873146106],"iteration":382,"passed_time":9.915232102,"remaining_time":15.97310237},
{"learn":[0.5871728108],"iteration":383,"passed_time":9.935618627,"remaining_time":15.93838821},
{"learn":[0.5870598748],"iteration":384,"passed_time":9.956508797,"remaining_time":15.90455301},
{"learn":[0.5869263816],"iteration":385,"passed_time":9.98176372,"remaining_time":15.87772778},
{"learn":[0.5867570267],"iteration":386,"passed_time":10.00424441,"remaining_time":15.84651634},
{"learn":[0.5864692159],"iteration":387,"passed_time":10.02674445,"remaining_time":15.81538042},
{"learn":[0.5863757155],"iteration":388,"passed_time":10.04869929,"remaining_time":15.78343255},
{"learn":[0.5862328562],"iteration":389,"passed_time":10.07432392,"remaining_time":15.75727588},
{"learn":[0.5860938697],"iteration":390,"passed_time":10.1047133,"remaining_time":15.73854323},
{"learn":[0.5859193243],"iteration":391,"passed_time":10.13945361,"remaining_time":15.72649947},
{"learn":[0.5858547946],"iteration":392,"passed_time":10.16773234,"remaining_time":15.70436012},
{"learn":[0.5857218445],"iteration":393,"passed_time":10.1999068,"remaining_time":15.68818152},
{"learn":[0.5855128885],"iteration":394,"passed_time":10.2306986,"remaining_time":15.66980418},
{"learn":[0.5853892688],"iteration":395,"passed_time":10.2705489,"remaining_time":15.66518065},
{"learn":[0.5852376578],"iteration":396,"passed_time":10.3023544,"remaining_time":15.64816047},
{"learn":[0.5850289155],"iteration":397,"passed_time":10.34021206,"remaining_time":15.64022025},
{"learn":[0.5848993664],"iteration":398,"passed_time":10.38944669,"remaining_time":15.64926682},
{"learn":[0.5847568454],"iteration":399,"passed_time":10.42073785,"remaining_time":15.63110678},
{"learn":[0.5845737441],"iteration":400,"passed_time":10.4517562,"remaining_time":15.61247373},
{"learn":[0.5844344995],"iteration":401,"passed_time":10.48696205,"remaining_time":15.60000822},
{"learn":[0.5843209136],"iteration":402,"passed_time":10.51993597,"remaining_time":15.58412351},
{"learn":[0.5841844646],"iteration":403,"passed_time":10.561056,"remaining_time":15.58017172},
{"learn":[0.5839429945],"iteration":404,"passed_time":10.59228778,"remaining_time":15.56150921},
{"learn":[0.5837650747],"iteration":405,"passed_time":10.62432263,"remaining_time":15.54395971},
{"learn":[0.5836105791],"iteration":406,"passed_time":10.66741631,"remaining_time":15.54245177},
{"learn":[0.5834424439],"iteration":407,"passed_time":10.7256471,"remaining_time":15.56270364},
{"learn":[0.5833351347],"iteration":408,"passed_time":10.76422298,"remaining_time":15.55417062},
{"learn":[0.5831919549],"iteration":409,"passed_time":10.80069646,"remaining_time":15.54246564},
{"learn":[0.5830467541],"iteration":410,"passed_time":10.84663293,"remaining_time":15.54420145},
{"learn":[0.5829098243],"iteration":411,"passed_time":10.89726853,"remaining_time":15.55241237},
{"learn":[0.5826163423],"iteration":412,"passed_time":10.98785468,"remaining_time":15.61712033},
{"learn":[0.5823683106],"iteration":413,"passed_time":11.02568375,"remaining_time":15.6064026},
{"learn":[0.5822461866],"iteration":414,"passed_time":11.07366131,"remaining_time":15.60985992},
{"learn":[0.5821076721],"iteration":415,"passed_time":11.12024286,"remaining_time":15.61111017},
{"learn":[0.5819687569],"iteration":416,"passed_time":11.17826184,"remaining_time":15.62812147},
{"learn":[0.581792965],"iteration":417,"passed_time":11.22059881,"remaining_time":15.62293901},
{"learn":[0.5815290501],"iteration":418,"passed_time":11.26632801,"remaining_time":15.622283},
{"learn":[0.581440295],"iteration":419,"passed_time":11.29613961,"remaining_time":15.59943088},
{"learn":[0.5812154737],"iteration":420,"passed_time":11.32868659,"remaining_time":15.58030768},
{"learn":[0.5811320872],"iteration":421,"passed_time":11.35825407,"remaining_time":15.55703994},
{"learn":[0.5809039006],"iteration":422,"passed_time":11.38926529,"remaining_time":15.53571175},
{"learn":[0.5806879022],"iteration":423,"passed_time":11.41964925,"remaining_time":15.51348578},
{"learn":[0.5804849203],"iteration":424,"passed_time":11.45459058,"remaining_time":15.49738726},
{"learn":[0.5803031722],"iteration":425,"passed_time":11.48994072,"remaining_time":15.48175111},
{"learn":[0.5801389455],"iteration":426,"passed_time":11.51737274,"remaining_time":15.45539715},
{"learn":[0.5799565831],"iteration":427,"passed_time":11.54471877,"remaining_time":15.42892321},
{"learn":[0.5798214428],"iteration":428,"passed_time":11.62192081,"remaining_time":15.46880369},
{"learn":[0.5796595754],"iteration":429,"passed_time":11.71476783,"remaining_time":15.52887829},
{"learn":[0.5794941022],"iteration":430,"passed_time":11.79428824,"remaining_time":15.57064968},
{"learn":[0.5793066295],"iteration":431,"passed_time":11.82230628,"remaining_time":15.54414344},
{"learn":[0.579110129],"iteration":432,"passed_time":11.87446784,"remaining_time":15.54924541},
{"learn":[0.5790059715],"iteration":433,"passed_time":11.91650458,"remaining_time":15.54087924},
{"learn":[0.578872505],"iteration":434,"passed_time":11.95461897,"remaining_time":15.52726371},
{"learn":[0.578726218],"iteration":435,"passed_time":12.0005314,"remaining_time":15.52362319},
{"learn":[0.5785531683],"iteration":436,"passed_time":12.0279311,"remaining_time":15.4959387},
{"learn":[0.5784391373],"iteration":437,"passed_time":12.06598942,"remaining_time":15.48193163},
{"learn":[0.578341212],"iteration":438,"passed_time":12.10340203,"remaining_time":15.46698984},
{"learn":[0.5781979343],"iteration":439,"passed_time":12.139964,"remaining_time":15.45086327},
{"learn":[0.5780328083],"iteration":440,"passed_time":12.17922245,"remaining_time":15.43806202},
{"learn":[0.5778942403],"iteration":441,"passed_time":12.21861823,"remaining_time":15.42531442},
{"learn":[0.5777531884],"iteration":442,"passed_time":12.26822571,"remaining_time":15.42528604},
{"learn":[0.577636798],"iteration":443,"passed_time":12.30953408,"remaining_time":15.41464178},
{"learn":[0.5775037411],"iteration":444,"passed_time":12.34940027,"remaining_time":15.40206102},
{"learn":[0.5773627337],"iteration":445,"passed_time":12.38738289,"remaining_time":15.38701821},
{"learn":[0.5772807004],"iteration":446,"passed_time":12.42310821,"remaining_time":15.36908018},
{"learn":[0.5770427292],"iteration":447,"passed_time":12.46189354,"remaining_time":15.35483312},
{"learn":[0.5769618712],"iteration":448,"passed_time":12.50123696,"remaining_time":15.34116161},
{"learn":[0.5767816812],"iteration":449,"passed_time":12.53043479,"remaining_time":15.31497585},
{"learn":[0.5766914037],"iteration":450,"passed_time":12.56546615,"remaining_time":15.29587787},
{"learn":[0.576532127],"iteration":451,"passed_time":12.60049369,"remaining_time":15.27670474},
{"learn":[0.5763626297],"iteration":452,"passed_time":12.64541573,"remaining_time":15.26940928},
{"learn":[0.576235698],"iteration":453,"passed_time":12.67724037,"remaining_time":15.24619657},
{"learn":[0.576154012],"iteration":454,"passed_time":12.70865714,"remaining_time":15.22245745},
{"learn":[0.576027855],"iteration":455,"passed_time":12.73646309,"remaining_time":15.19437702},
{"learn":[0.5759387082],"iteration":456,"passed_time":12.77174599,"remaining_time":15.17518178},
{"learn":[0.5757933382],"iteration":457,"passed_time":12.8090558,"remaining_time":15.15831494},
{"learn":[0.5756461431],"iteration":458,"passed_time":12.84800201,"remaining_time":15.14328778},
{"learn":[0.5754665229],"iteration":459,"passed_time":12.88507649,"remaining_time":15.12595936},
{"learn":[0.5753138791],"iteration":460,"passed_time":12.91769039,"remaining_time":15.10332998},
{"learn":[0.5751442927],"iteration":461,"passed_time":12.94119962,"remaining_time":15.07005497},
{"learn":[0.5749534991],"iteration":462,"passed_time":12.96899515,"remaining_time":15.04179352},
{"learn":[0.5748069895],"iteration":463,"passed_time":12.99579068,"remaining_time":15.01237889},
{"learn":[0.5746588329],"iteration":464,"passed_time":13.01818722,"remaining_time":14.97791433},
{"learn":[0.5745362727],"iteration":465,"passed_time":13.04145958,"remaining_time":14.94450518},
{"learn":[0.5742862289],"iteration":466,"passed_time":13.06565955,"remaining_time":14.91219815},
{"learn":[0.5741130723],"iteration":467,"passed_time":13.09304175,"remaining_time":14.88354319},
{"learn":[0.5740117639],"iteration":468,"passed_time":13.11529987,"remaining_time":14.84909217},
{"learn":[0.5738978931],"iteration":469,"passed_time":13.14532738,"remaining_time":14.82345428},
{"learn":[0.5737677386],"iteration":470,"passed_time":13.17594237,"remaining_time":14.79845757},
{"learn":[0.5735888217],"iteration":471,"passed_time":13.21000689,"remaining_time":14.77729584},
{"learn":[0.5735280135],"iteration":472,"passed_time":13.2366051,"remaining_time":14.74776086},
{"learn":[0.573385172],"iteration":473,"passed_time":13.26277255,"remaining_time":14.71776025},
{"learn":[0.5732687371],"iteration":474,"passed_time":13.29209173,"remaining_time":14.69125928},
{"learn":[0.5731008156],"iteration":475,"passed_time":13.31515061,"remaining_time":14.65785488},
{"learn":[0.5729448242],"iteration":476,"passed_time":13.34319964,"remaining_time":14.62996523},
{"learn":[0.5727693618],"iteration":477,"passed_time":13.36730997,"remaining_time":14.59777365},
{"learn":[0.5724854862],"iteration":478,"passed_time":13.39709628,"remaining_time":14.57178949},
{"learn":[0.5723470695],"iteration":479,"passed_time":13.42279782,"remaining_time":14.5413643},
{"learn":[0.5721730048],"iteration":480,"passed_time":13.44492547,"remaining_time":14.50710253},
{"learn":[0.5721164701],"iteration":481,"passed_time":13.46639125,"remaining_time":14.47217981},
{"learn":[0.5719737711],"iteration":482,"passed_time":13.49279403,"remaining_time":14.44259734},
{"learn":[0.5717777068],"iteration":483,"passed_time":13.51563417,"remaining_time":14.40922982},
{"learn":[0.5716216086],"iteration":484,"passed_time":13.5373185,"remaining_time":14.3746784},
{"learn":[0.5715208878],"iteration":485,"passed_time":13.56315573,"remaining_time":14.34457211},
{"learn":[0.571444508],"iteration":486,"passed_time":13.58555514,"remaining_time":14.31086199},
{"learn":[0.5713468409],"iteration":487,"passed_time":13.60824792,"remaining_time":14.27750602},
{"learn":[0.5712726691],"iteration":488,"passed_time":13.63035134,"remaining_time":14.24357778},
{"learn":[0.5711245125],"iteration":489,"passed_time":13.65571626,"remaining_time":14.21309243},
{"learn":[0.5709777358],"iteration":490,"passed_time":13.68053067,"remaining_time":14.18205725},
{"learn":[0.5709030298],"iteration":491,"passed_time":13.70989626,"remaining_time":14.15574654},
{"learn":[0.5707245937],"iteration":492,"passed_time":13.98279489,"remaining_time":14.37987223},
{"learn":[0.5706239886],"iteration":493,"passed_time":14.06592956,"remaining_time":14.40761206},
{"learn":[0.57060052],"iteration":494,"passed_time":14.12314434,"remaining_time":14.40846039},
{"learn":[0.5704645428],"iteration":495,"passed_time":14.15420438,"remaining_time":14.382498},
{"learn":[0.5703642849],"iteration":496,"passed_time":14.18131271,"remaining_time":14.35251568},
{"learn":[0.5701738207],"iteration":497,"passed_time":14.2105176,"remaining_time":14.3246583},
{"learn":[0.5700195031],"iteration":498,"passed_time":14.24639423,"remaining_time":14.30349401},
{"learn":[0.5698523473],"iteration":499,"passed_time":14.27694881,"remaining_time":14.27694881},
{"learn":[0.5697589715],"iteration":500,"passed_time":14.31226616,"remaining_time":14.25513136},
{"learn":[0.5695897412],"iteration":501,"passed_time":14.36211813,"remaining_time":14.24767894},
{"learn":[0.5694149198],"iteration":502,"passed_time":14.40118422,"remaining_time":14.22940071},
{"learn":[0.5693582337],"iteration":503,"passed_time":14.42617672,"remaining_time":14.19718978},
{"learn":[0.569111671],"iteration":504,"passed_time":14.45390758,"remaining_time":14.16769159},
{"learn":[0.5689789256],"iteration":505,"passed_time":14.51124674,"remaining_time":14.1671065},
{"learn":[0.5688939366],"iteration":506,"passed_time":14.63979552,"remaining_time":14.23554081},
{"learn":[0.5686761665],"iteration":507,"passed_time":14.6720868,"remaining_time":14.20997383},
{"learn":[0.5684700863],"iteration":508,"passed_time":14.695607,"remaining_time":14.17591952},
{"learn":[0.5683683593],"iteration":509,"passed_time":14.72281981,"remaining_time":14.14545433},
{"learn":[0.5682616467],"iteration":510,"passed_time":14.74575383,"remaining_time":14.11090729},
{"learn":[0.5681240937],"iteration":511,"passed_time":14.7684718,"remaining_time":14.07619968},
{"learn":[0.5679538484],"iteration":512,"passed_time":14.79037668,"remaining_time":14.04076694},
{"learn":[0.5678317245],"iteration":513,"passed_time":14.81320932,"remaining_time":14.00626406},
{"learn":[0.5676916697],"iteration":514,"passed_time":14.83502856,"remaining_time":13.97085214},
{"learn":[0.5675624411],"iteration":515,"passed_time":14.86000481,"remaining_time":13.93845413},
{"learn":[0.5673656557],"iteration":516,"passed_time":14.88478242,"remaining_time":13.90589924},
{"learn":[0.5672563878],"iteration":517,"passed_time":14.90578989,"remaining_time":13.86986627},
{"learn":[0.5671589522],"iteration":518,"passed_time":14.92773148,"remaining_time":13.83475692},
{"learn":[0.5670930425],"iteration":519,"passed_time":14.95072921,"remaining_time":13.80067311},
{"learn":[0.5669311305],"iteration":520,"passed_time":14.97468216,"remaining_time":13.76751008},
{"learn":[0.5667753885],"iteration":521,"passed_time":15.0045684,"remaining_time":13.7398155},
{"learn":[0.566662408],"iteration":522,"passed_time":15.03065311,"remaining_time":13.70864538},
{"learn":[0.5664974601],"iteration":523,"passed_time":15.05217345,"remaining_time":13.6733484},
{"learn":[0.5663584559],"iteration":524,"passed_time":15.07323646,"remaining_time":13.63769013},
{"learn":[0.5662223363],"iteration":525,"passed_time":15.09487224,"remaining_time":13.6026035},
{"learn":[0.566065597],"iteration":526,"passed_time":15.11839551,"remaining_time":13.56926201},
{"learn":[0.5659309642],"iteration":527,"passed_time":15.13994993,"remaining_time":13.53419766},
{"learn":[0.5658537387],"iteration":528,"passed_time":15.16367119,"remaining_time":13.50111367},
{"learn":[0.5657404377],"iteration":529,"passed_time":15.18453807,"remaining_time":13.46553376},
{"learn":[0.5656048167],"iteration":530,"passed_time":15.2053919,"remaining_time":13.42999774},
{"learn":[0.5654904651],"iteration":531,"passed_time":15.23039921,"remaining_time":13.39817073},
{"learn":[0.5653597853],"iteration":532,"passed_time":15.25341779,"remaining_time":13.36462684},
{"learn":[0.5652152878],"iteration":533,"passed_time":15.28082108,"remaining_time":13.33494873},
{"learn":[0.5651768531],"iteration":534,"passed_time":15.30072111,"remaining_time":13.2987576},
{"learn":[0.564874735],"iteration":535,"passed_time":15.32370335,"remaining_time":13.26529544},
{"learn":[0.5647156454],"iteration":536,"passed_time":15.34867819,"remaining_time":13.23359032},
{"learn":[0.5644666611],"iteration":537,"passed_time":15.37116537,"remaining_time":13.19977398},
{"learn":[0.5643367736],"iteration":538,"passed_time":15.39442709,"remaining_time":13.16666213},
{"learn":[0.5641774169],"iteration":539,"passed_time":15.42108494,"remaining_time":13.13647976},
{"learn":[0.5640422321],"iteration":540,"passed_time":15.44721481,"remaining_time":13.10586248},
{"learn":[0.5638678202],"iteration":541,"passed_time":15.46941707,"remaining_time":13.07194284},
{"learn":[0.5636471299],"iteration":542,"passed_time":15.49103174,"remaining_time":13.03757183},
{"learn":[0.5634444061],"iteration":543,"passed_time":15.51192585,"remaining_time":13.00264373},
{"learn":[0.5632484754],"iteration":544,"passed_time":15.53523357,"remaining_time":12.96978215},
{"learn":[0.5631348807],"iteration":545,"passed_time":15.56168624,"remaining_time":12.93957061},
{"learn":[0.5629192029],"iteration":546,"passed_time":15.58399107,"remaining_time":12.90593776},
{"learn":[0.5627729871],"iteration":547,"passed_time":15.60461621,"remaining_time":12.87096082},
{"learn":[0.562679825],"iteration":548,"passed_time":15.62726383,"remaining_time":12.83769761},
{"learn":[0.5625878114],"iteration":549,"passed_time":15.64835718,"remaining_time":12.80320133},
{"learn":[0.5624697205],"iteration":550,"passed_time":15.67062074,"remaining_time":12.76970728},
{"learn":[0.5623519324],"iteration":551,"passed_time":15.69494732,"remaining_time":12.73792826},
{"learn":[0.56218069],"iteration":552,"passed_time":15.71635038,"remaining_time":12.70381306},
{"learn":[0.562074378],"iteration":553,"passed_time":15.7369201,"remaining_time":12.66907286},
{"learn":[0.5620144779],"iteration":554,"passed_time":15.75817886,"remaining_time":12.63493621},
{"learn":[0.5618295781],"iteration":555,"passed_time":15.78218463,"remaining_time":12.60303952},
{"learn":[0.5616799436],"iteration":556,"passed_time":15.80505258,"remaining_time":12.57026623},
{"learn":[0.5615951059],"iteration":557,"passed_time":15.83193687,"remaining_time":12.54070985},
{"learn":[0.5615190911],"iteration":558,"passed_time":15.85802676,"remaining_time":12.51053632},
{"learn":[0.5614989701],"iteration":559,"passed_time":15.87801102,"remaining_time":12.47558009},
{"learn":[0.5613525318],"iteration":560,"passed_time":15.90273408,"remaining_time":12.44438549},
{"learn":[0.5611230096],"iteration":561,"passed_time":15.92557125,"remaining_time":12.41174414},
{"learn":[0.5609803729],"iteration":562,"passed_time":15.94765633,"remaining_time":12.37855384},
{"learn":[0.5608746307],"iteration":563,"passed_time":15.97782533,"remaining_time":12.35165221},
{"learn":[0.5607048306],"iteration":564,"passed_time":16.00598835,"remaining_time":12.32319457},
{"learn":[0.5605949663],"iteration":565,"passed_time":16.03295939,"remaining_time":12.29382398},
{"learn":[0.5604269468],"iteration":566,"passed_time":16.06040067,"remaining_time":12.26482097},
{"learn":[0.5603301789],"iteration":567,"passed_time":16.08606711,"remaining_time":12.23447358},
{"learn":[0.5602793422],"iteration":568,"passed_time":16.11506704,"remaining_time":12.20666765},
{"learn":[0.560083821],"iteration":569,"passed_time":16.1442623,"remaining_time":12.17900489},
{"learn":[0.5599940866],"iteration":570,"passed_time":16.16993599,"remaining_time":12.14869096},
{"learn":[0.5598192918],"iteration":571,"passed_time":16.19609031,"remaining_time":12.11875289},
{"learn":[0.5596966604],"iteration":572,"passed_time":16.22976597,"remaining_time":12.09443293},
{"learn":[0.5595765397],"iteration":573,"passed_time":16.25448941,"remaining_time":12.06343639},
{"learn":[0.5594101139],"iteration":574,"passed_time":16.27747007,"remaining_time":12.03117353},
{"learn":[0.5593081198],"iteration":575,"passed_time":16.29734599,"remaining_time":11.99665747},
{"learn":[0.5591410174],"iteration":576,"passed_time":16.31845782,"remaining_time":11.96309819},
{"learn":[0.5589877949],"iteration":577,"passed_time":16.34129855,"remaining_time":11.93084427},
{"learn":[0.5588592073],"iteration":578,"passed_time":16.36323126,"remaining_time":11.89796263},
{"learn":[0.5587043288],"iteration":579,"passed_time":16.38545405,"remaining_time":11.8653288},
{"learn":[0.5585708623],"iteration":580,"passed_time":16.40918619,"remaining_time":11.8338193},
{"learn":[0.5584487829],"iteration":581,"passed_time":16.4320195,"remaining_time":11.80169098},
{"learn":[0.5583596005],"iteration":582,"passed_time":16.45501638,"remaining_time":11.76971155},
{"learn":[0.5582305321],"iteration":583,"passed_time":16.47696032,"remaining_time":11.73701283},
{"learn":[0.5581148095],"iteration":584,"passed_time":16.49844206,"remaining_time":11.704023},
{"learn":[0.5579594235],"iteration":585,"passed_time":16.52215391,"remaining_time":11.67264798},
{"learn":[0.557836347],"iteration":586,"passed_time":16.54282228,"remaining_time":11.63915776},
{"learn":[0.5577442265],"iteration":587,"passed_time":16.56730387,"remaining_time":11.60838298},
{"learn":[0.5576633952],"iteration":588,"passed_time":16.58797811,"remaining_time":11.57497284},
{"learn":[0.5575504504],"iteration":589,"passed_time":16.60927707,"remaining_time":11.54203999},
{"learn":[0.5574418324],"iteration":590,"passed_time":16.63247847,"remaining_time":11.5104631},
{"learn":[0.5573330453],"iteration":591,"passed_time":16.65639121,"remaining_time":11.47940475},
{"learn":[0.5572416995],"iteration":592,"passed_time":16.67928801,"remaining_time":11.44767322},
{"learn":[0.5571258522],"iteration":593,"passed_time":16.7036922,"remaining_time":11.41700174},
{"learn":[0.5569695225],"iteration":594,"passed_time":16.72515662,"remaining_time":11.38435031},
{"learn":[0.5568489388],"iteration":595,"passed_time":16.75181177,"remaining_time":11.35525496},
{"learn":[0.5567275716],"iteration":596,"passed_time":16.77478679,"remaining_time":11.32368355},
{"learn":[0.5565407132],"iteration":597,"passed_time":16.79842955,"remaining_time":11.29258976},
{"learn":[0.5564514773],"iteration":598,"passed_time":16.81969133,"remaining_time":11.25992692},
{"learn":[0.5563495011],"iteration":599,"passed_time":16.8403843,"remaining_time":11.22692287},
{"learn":[0.5561506413],"iteration":600,"passed_time":16.86258647,"remaining_time":11.19496173},
{"learn":[0.5560627943],"iteration":601,"passed_time":16.88422928,"remaining_time":11.16266321},
{"learn":[0.5558997339],"iteration":602,"passed_time":16.90578743,"remaining_time":11.1303443},
{"learn":[0.5557631958],"iteration":603,"passed_time":16.92857116,"remaining_time":11.09886454},
{"learn":[0.555622411],"iteration":604,"passed_time":16.95168198,"remaining_time":11.06762708},
{"learn":[0.5554933337],"iteration":605,"passed_time":16.97469131,"remaining_time":11.03635045},
{"learn":[0.5553349741],"iteration":606,"passed_time":16.99939776,"remaining_time":11.00619987},
{"learn":[0.5552289292],"iteration":607,"passed_time":17.0209911,"remaining_time":10.97406005},
{"learn":[0.5550691985],"iteration":608,"passed_time":17.04272112,"remaining_time":10.94204262},
{"learn":[0.5548355364],"iteration":609,"passed_time":17.07674234,"remaining_time":10.91791723},
{"learn":[0.554748562],"iteration":610,"passed_time":17.09939933,"remaining_time":10.88652429},
{"learn":[0.5545848783],"iteration":611,"passed_time":17.1222871,"remaining_time":10.8553062},
{"learn":[0.55451287],"iteration":612,"passed_time":17.14358373,"remaining_time":10.82311077},
{"learn":[0.5543963728],"iteration":613,"passed_time":17.16413684,"remaining_time":10.79048342},
{"learn":[0.5542715423],"iteration":614,"passed_time":17.18606251,"remaining_time":10.75875458},
{"learn":[0.5541456613],"iteration":615,"passed_time":17.21478493,"remaining_time":10.7312945},
{"learn":[0.5540644738],"iteration":616,"passed_time":17.23631941,"remaining_time":10.69936845},
{"learn":[0.5539522412],"iteration":617,"passed_time":17.26029749,"remaining_time":10.66898648},
{"learn":[0.5537892253],"iteration":618,"passed_time":17.2864539,"remaining_time":10.63996597},
{"learn":[0.5536595961],"iteration":619,"passed_time":17.31325401,"remaining_time":10.61134923},
{"learn":[0.5535241887],"iteration":620,"passed_time":17.33632365,"remaining_time":10.58046162},
{"learn":[0.5534155262],"iteration":621,"passed_time":17.3642025,"remaining_time":10.55252178},
{"learn":[0.5533168175],"iteration":622,"passed_time":17.3874434,"remaining_time":10.52177554},
{"learn":[0.5531668713],"iteration":623,"passed_time":17.41407324,"remaining_time":10.49309541},
{"learn":[0.5530810275],"iteration":624,"passed_time":17.4359339,"remaining_time":10.46156034},
{"learn":[0.5529497067],"iteration":625,"passed_time":17.46289489,"remaining_time":10.43310334},
{"learn":[0.552901897],"iteration":626,"passed_time":17.48490893,"remaining_time":10.40170818},
{"learn":[0.552801007],"iteration":627,"passed_time":17.51636984,"remaining_time":10.37593882},
{"learn":[0.5526506335],"iteration":628,"passed_time":17.54292324,"remaining_time":10.34725679},
{"learn":[0.5525792216],"iteration":629,"passed_time":17.56993314,"remaining_time":10.31884962},
{"learn":[0.5524859082],"iteration":630,"passed_time":17.59599305,"remaining_time":10.28989134},
{"learn":[0.5523338787],"iteration":631,"passed_time":17.61921478,"remaining_time":10.25928962},
{"learn":[0.552214025],"iteration":632,"passed_time":17.6410301,"remaining_time":10.22789581},
{"learn":[0.5520962814],"iteration":633,"passed_time":17.66546145,"remaining_time":10.19804241},
{"learn":[0.5519708722],"iteration":634,"passed_time":17.68871433,"remaining_time":10.16752871},
{"learn":[0.5519523003],"iteration":635,"passed_time":17.71105792,"remaining_time":10.13651743},
{"learn":[0.55185263],"iteration":636,"passed_time":17.73288158,"remaining_time":10.10523707},
{"learn":[0.5517079367],"iteration":637,"passed_time":17.75924042,"remaining_time":10.07655961},
{"learn":[0.5515378606],"iteration":638,"passed_time":17.78012118,"remaining_time":10.04479459},
{"learn":[0.5514370151],"iteration":639,"passed_time":17.8061028,"remaining_time":10.01593283},
{"learn":[0.5513045547],"iteration":640,"passed_time":17.83047542,"remaining_time":9.986178899},
{"learn":[0.5511012611],"iteration":641,"passed_time":17.85260025,"remaining_time":9.955188301},
{"learn":[0.550987702],"iteration":642,"passed_time":17.87364376,"remaining_time":9.923624918},
{"learn":[0.5509280867],"iteration":643,"passed_time":17.89547299,"remaining_time":9.89252855},
{"learn":[0.550804841],"iteration":644,"passed_time":17.91876183,"remaining_time":9.862264264},
{"learn":[0.5506576993],"iteration":645,"passed_time":17.94287015,"remaining_time":9.832470642},
{"learn":[0.5505350946],"iteration":646,"passed_time":17.9638411,"remaining_time":9.800982855},
{"learn":[0.5503743935],"iteration":647,"passed_time":17.98688586,"remaining_time":9.770654049},
{"learn":[0.5502611727],"iteration":648,"passed_time":18.00921959,"remaining_time":9.739963139},
{"learn":[0.5501003825],"iteration":649,"passed_time":18.02995507,"remaining_time":9.708437343},
{"learn":[0.5499206288],"iteration":650,"passed_time":18.05148291,"remaining_time":9.677369484},
{"learn":[0.5498399132],"iteration":651,"passed_time":18.09794094,"remaining_time":9.659637188},
{"learn":[0.5497231222],"iteration":652,"passed_time":18.13066647,"remaining_time":9.634519547},
{"learn":[0.5496182436],"iteration":653,"passed_time":18.16051853,"remaining_time":9.607858426},
{"learn":[0.5494388638],"iteration":654,"passed_time":18.1919239,"remaining_time":9.582005718},
{"learn":[0.5492012754],"iteration":655,"passed_time":18.22320745,"remaining_time":9.556072199},
{"learn":[0.5489788669],"iteration":656,"passed_time":18.25333975,"remaining_time":9.52952136},
{"learn":[0.5487837285],"iteration":657,"passed_time":18.27791292,"remaining_time":9.500070243},
{"learn":[0.5486535829],"iteration":658,"passed_time":18.30244617,"remaining_time":9.470613268},
{"learn":[0.5485518916],"iteration":659,"passed_time":18.33314099,"remaining_time":9.444345357},
{"learn":[0.5483681403],"iteration":660,"passed_time":18.36367417,"remaining_time":9.417981158},
{"learn":[0.5482167341],"iteration":661,"passed_time":18.39517591,"remaining_time":9.39209888},
{"learn":[0.5480884136],"iteration":662,"passed_time":18.41550962,"remaining_time":9.360522988},
{"learn":[0.5479519912],"iteration":663,"passed_time":18.43754165,"remaining_time":9.329840354},
{"learn":[0.5478898831],"iteration":664,"passed_time":18.45962807,"remaining_time":9.299211131},
{"learn":[0.5477396966],"iteration":665,"passed_time":18.48159013,"remaining_time":9.268545199},
{"learn":[0.5476047878],"iteration":666,"passed_time":18.50384888,"remaining_time":9.23805349},
{"learn":[0.5474994996],"iteration":667,"passed_time":18.52817337,"remaining_time":9.20861311},
{"learn":[0.547342983],"iteration":668,"passed_time":18.54928072,"remaining_time":9.177596291},
{"learn":[0.5472413273],"iteration":669,"passed_time":18.56705931,"remaining_time":9.144969512},
{"learn":[0.5471559732],"iteration":670,"passed_time":18.5893844,"remaining_time":9.114616197},
{"learn":[0.5469959398],"iteration":671,"passed_time":18.61090206,"remaining_time":9.083892671},
{"learn":[0.5468383192],"iteration":672,"passed_time":18.63246696,"remaining_time":9.05321946},
{"learn":[0.5467513625],"iteration":673,"passed_time":18.65680412,"remaining_time":9.023914157},
{"learn":[0.5467360225],"iteration":674,"passed_time":18.67601886,"remaining_time":8.99215723},
{"learn":[0.5465721252],"iteration":675,"passed_time":18.69692894,"remaining_time":8.961249963},
{"learn":[0.546447998],"iteration":676,"passed_time":18.71894395,"remaining_time":8.930899403},
{"learn":[0.5463204966],"iteration":677,"passed_time":18.74034222,"remaining_time":8.900280525},
{"learn":[0.5462341632],"iteration":678,"passed_time":18.76369066,"remaining_time":8.870610752},
{"learn":[0.5461350626],"iteration":679,"passed_time":18.78538995,"remaining_time":8.840183508},
{"learn":[0.5460491655],"iteration":680,"passed_time":18.80658696,"remaining_time":8.809546606},
{"learn":[0.5459398086],"iteration":681,"passed_time":18.82884375,"remaining_time":8.779431543},
{"learn":[0.5457961124],"iteration":682,"passed_time":18.85110442,"remaining_time":8.749341289},
{"learn":[0.5457687264],"iteration":683,"passed_time":18.87095493,"remaining_time":8.718160465},
{"learn":[0.5456456588],"iteration":684,"passed_time":18.89285464,"remaining_time":8.687955055},
{"learn":[0.545562201],"iteration":685,"passed_time":18.91343586,"remaining_time":8.657170348},
{"learn":[0.5453945199],"iteration":686,"passed_time":18.93712703,"remaining_time":8.627832256},
{"learn":[0.5451576527],"iteration":687,"passed_time":18.96219944,"remaining_time":8.599136957},
{"learn":[0.5450273557],"iteration":688,"passed_time":18.98465628,"remaining_time":8.569271557},
{"learn":[0.5449823683],"iteration":689,"passed_time":19.00566382,"remaining_time":8.538776497},
{"learn":[0.5448162363],"iteration":690,"passed_time":19.02763547,"remaining_time":8.508740029},
{"learn":[0.5447533803],"iteration":691,"passed_time":19.05046582,"remaining_time":8.479109066},
{"learn":[0.5446447268],"iteration":692,"passed_time":19.07283815,"remaining_time":8.449294823},
{"learn":[0.5445525796],"iteration":693,"passed_time":19.097477,"remaining_time":8.420501387},
{"learn":[0.5444223628],"iteration":694,"passed_time":19.11868922,"remaining_time":8.390216135},
{"learn":[0.5443032125],"iteration":695,"passed_time":19.13979688,"remaining_time":8.359911281},
{"learn":[0.5441732805],"iteration":696,"passed_time":19.16382853,"remaining_time":8.330903937},
{"learn":[0.5440836707],"iteration":697,"passed_time":19.18587411,"remaining_time":8.301051551},
{"learn":[0.543948388],"iteration":698,"passed_time":19.20708288,"remaining_time":8.270861154},
{"learn":[0.5438412747],"iteration":699,"passed_time":19.23340359,"remaining_time":8.242887254},
{"learn":[0.5436648329],"iteration":700,"passed_time":19.25525298,"remaining_time":8.213010901},
{"learn":[0.5435402962],"iteration":701,"passed_time":19.27897363,"remaining_time":8.183951768},
{"learn":[0.5434598299],"iteration":702,"passed_time":19.30014561,"remaining_time":8.153831074},
{"learn":[0.5432385253],"iteration":703,"passed_time":19.32290684,"remaining_time":8.124404011},
{"learn":[0.5431168287],"iteration":704,"passed_time":19.3463377,"remaining_time":8.095276059},
{"learn":[0.5429875467],"iteration":705,"passed_time":19.37134033,"remaining_time":8.066818779},
{"learn":[0.5428609267],"iteration":706,"passed_time":19.39285509,"remaining_time":8.036925801},
{"learn":[0.5427227771],"iteration":707,"passed_time":19.41387244,"remaining_time":8.006851345},
{"learn":[0.5426689935],"iteration":708,"passed_time":19.43364434,"remaining_time":7.97629126},
{"learn":[0.5426176938],"iteration":709,"passed_time":19.45617396,"remaining_time":7.946887955},
{"learn":[0.5424915189],"iteration":710,"passed_time":19.47929435,"remaining_time":7.917744115},
{"learn":[0.5423477159],"iteration":711,"passed_time":19.50412292,"remaining_time":7.889308146},
{"learn":[0.5422463985],"iteration":712,"passed_time":19.52623051,"remaining_time":7.859787036},
{"learn":[0.5421059342],"iteration":713,"passed_time":19.54725307,"remaining_time":7.82985207},
{"learn":[0.5420007617],"iteration":714,"passed_time":19.5690585,"remaining_time":7.800254089},
{"learn":[0.5418399538],"iteration":715,"passed_time":19.59275442,"remaining_time":7.771427729},
{"learn":[0.541671596],"iteration":716,"passed_time":19.61321007,"remaining_time":7.741336751},
{"learn":[0.5415699225],"iteration":717,"passed_time":19.63315411,"remaining_time":7.711071671},
{"learn":[0.5414502202],"iteration":718,"passed_time":19.65803112,"remaining_time":7.682763207},
{"learn":[0.5413281319],"iteration":719,"passed_time":19.67958608,"remaining_time":7.653172363},
{"learn":[0.5412666025],"iteration":720,"passed_time":19.70015629,"remaining_time":7.623222752},
{"learn":[0.5411201286],"iteration":721,"passed_time":19.72138031,"remaining_time":7.593550867},
{"learn":[0.5410063468],"iteration":722,"passed_time":19.74398414,"remaining_time":7.564430991},
{"learn":[0.5408419955],"iteration":723,"passed_time":19.76497042,"remaining_time":7.534712482},
{"learn":[0.5407215898],"iteration":724,"passed_time":19.79184047,"remaining_time":7.507249832},
{"learn":[0.5405757747],"iteration":725,"passed_time":19.81810747,"remaining_time":7.479561221},
{"learn":[0.5404145127],"iteration":726,"passed_time":19.8462658,"remaining_time":7.452586747},
{"learn":[0.540284928],"iteration":727,"passed_time":19.87523362,"remaining_time":7.425911464},
{"learn":[0.5401789988],"iteration":728,"passed_time":19.90160014,"remaining_time":7.398262876},
{"learn":[0.5400234615],"iteration":729,"passed_time":19.93204974,"remaining_time":7.372127985},
{"learn":[0.5399292043],"iteration":730,"passed_time":19.96037054,"remaining_time":7.345197914},
{"learn":[0.5398518184],"iteration":731,"passed_time":19.9909699,"remaining_time":7.319098271},
{"learn":[0.5397235781],"iteration":732,"passed_time":20.01806398,"remaining_time":7.291709527},
{"learn":[0.5396463703],"iteration":733,"passed_time":20.04503921,"remaining_time":7.264278514},
{"learn":[0.5395505462],"iteration":734,"passed_time":20.07683981,"remaining_time":7.238588503},
{"learn":[0.5394412516],"iteration":735,"passed_time":20.10715638,"remaining_time":7.212349571},
{"learn":[0.5393259296],"iteration":736,"passed_time":20.13259964,"remaining_time":7.184360524},
{"learn":[0.5392106611],"iteration":737,"passed_time":20.16824539,"remaining_time":7.160000394},
{"learn":[0.5391452677],"iteration":738,"passed_time":20.19617041,"remaining_time":7.132882918},
{"learn":[0.5389717729],"iteration":739,"passed_time":20.22840554,"remaining_time":7.107277623},
{"learn":[0.5387921438],"iteration":740,"passed_time":20.25615142,"remaining_time":7.080085313},
{"learn":[0.5387003972],"iteration":741,"passed_time":20.28396584,"remaining_time":7.052915345},
{"learn":[0.5385932127],"iteration":742,"passed_time":20.3390608,"remaining_time":7.035179846},
{"learn":[0.5383948336],"iteration":743,"passed_time":20.36013759,"remaining_time":7.005638739},
{"learn":[0.5382052152],"iteration":744,"passed_time":20.38671735,"remaining_time":6.978003926},
{"learn":[0.5380896262],"iteration":745,"passed_time":20.40948446,"remaining_time":6.949073798},
{"learn":[0.5379935527],"iteration":746,"passed_time":20.43281499,"remaining_time":6.920350996},
{"learn":[0.5378663985],"iteration":747,"passed_time":20.45458135,"remaining_time":6.891115642},
{"learn":[0.5377846324],"iteration":748,"passed_time":20.47869433,"remaining_time":6.862686617},
{"learn":[0.5376690878],"iteration":749,"passed_time":20.50106016,"remaining_time":6.83368672},
{"learn":[0.5375465633],"iteration":750,"passed_time":20.52537584,"remaining_time":6.805350976},
{"learn":[0.5374195693],"iteration":751,"passed_time":20.54740551,"remaining_time":6.77627203},
{"learn":[0.5372525737],"iteration":752,"passed_time":20.56961425,"remaining_time":6.747270544},
{"learn":[0.5370903947],"iteration":753,"passed_time":20.59191355,"remaining_time":6.718316623},
{"learn":[0.5369823377],"iteration":754,"passed_time":20.61423599,"remaining_time":6.689387837},
{"learn":[0.536825269],"iteration":755,"passed_time":20.63575288,"remaining_time":6.660216537},
{"learn":[0.5366719397],"iteration":756,"passed_time":20.6777537,"remaining_time":6.637640884},
{"learn":[0.5365221894],"iteration":757,"passed_time":20.69966482,"remaining_time":6.608600114},
{"learn":[0.5364219226],"iteration":758,"passed_time":20.72150643,"remaining_time":6.579556061},
{"learn":[0.536302888],"iteration":759,"passed_time":20.74457112,"remaining_time":6.550917197},
{"learn":[0.5361721548],"iteration":760,"passed_time":20.76694984,"remaining_time":6.522077543},
{"learn":[0.53605158],"iteration":761,"passed_time":20.78867627,"remaining_time":6.493051117},
{"learn":[0.5359201523],"iteration":762,"passed_time":20.81369312,"remaining_time":6.465065885},
{"learn":[0.5357163334],"iteration":763,"passed_time":20.83530023,"remaining_time":6.43603515},
{"learn":[0.5355852975],"iteration":764,"passed_time":20.85965209,"remaining_time":6.407866982},
{"learn":[0.5354847725],"iteration":765,"passed_time":20.88132701,"remaining_time":6.378891018},
{"learn":[0.5352997036],"iteration":766,"passed_time":20.90286234,"remaining_time":6.34989169},
{"learn":[0.5351895988],"iteration":767,"passed_time":20.9239704,"remaining_time":6.320782724},
{"learn":[0.5350719442],"iteration":768,"passed_time":20.94411971,"remaining_time":6.29140657},
{"learn":[0.5349308389],"iteration":769,"passed_time":20.9685533,"remaining_time":6.263334103},
{"learn":[0.5347766815],"iteration":770,"passed_time":20.99120391,"remaining_time":6.234741498},
{"learn":[0.5346625437],"iteration":771,"passed_time":21.01337912,"remaining_time":6.206023885},
{"learn":[0.5345971949],"iteration":772,"passed_time":21.03562012,"remaining_time":6.177342519},
{"learn":[0.5344119301],"iteration":773,"passed_time":21.06028686,"remaining_time":6.149386086},
{"learn":[0.5343104703],"iteration":774,"passed_time":21.08215854,"remaining_time":6.120626672},
{"learn":[0.5342821228],"iteration":775,"passed_time":21.10937369,"remaining_time":6.093427456},
{"learn":[0.5341868506],"iteration":776,"passed_time":21.13450875,"remaining_time":6.065631211},
{"learn":[0.5340294615],"iteration":777,"passed_time":21.15733166,"remaining_time":6.037182042},
{"learn":[0.5338919707],"iteration":778,"passed_time":21.1796453,"remaining_time":6.008602837},
{"learn":[0.5338206836],"iteration":779,"passed_time":21.20054469,"remaining_time":5.97964081},
{"learn":[0.5337212893],"iteration":780,"passed_time":21.22506773,"remaining_time":5.951715534},
{"learn":[0.5336144163],"iteration":781,"passed_time":21.25013294,"remaining_time":5.923950102},
{"learn":[0.5335280562],"iteration":782,"passed_time":21.27116488,"remaining_time":5.895073791},
{"learn":[0.5334473851],"iteration":783,"passed_time":21.30674662,"remaining_time":5.870226109},
{"learn":[0.5333345115],"iteration":784,"passed_time":21.32876261,"remaining_time":5.84163562},
{"learn":[0.5330409048],"iteration":785,"passed_time":21.34981264,"remaining_time":5.81279886},
{"learn":[0.5329290105],"iteration":786,"passed_time":21.37352665,"remaining_time":5.784702893},
{"learn":[0.5328034678],"iteration":787,"passed_time":21.40353283,"remaining_time":5.758310863},
{"learn":[0.5327113028],"iteration":788,"passed_time":21.42553208,"remaining_time":5.729768401},
{"learn":[0.5326201261],"iteration":789,"passed_time":21.44572258,"remaining_time":5.700761697},
{"learn":[0.5324670282],"iteration":790,"passed_time":21.46799335,"remaining_time":5.672326941},
{"learn":[0.5323583124],"iteration":791,"passed_time":21.48888977,"remaining_time":5.643546807},
{"learn":[0.5322208217],"iteration":792,"passed_time":21.51099908,"remaining_time":5.615103165},
{"learn":[0.5321854229],"iteration":793,"passed_time":21.53187265,"remaining_time":5.586354868},
{"learn":[0.5320878181],"iteration":794,"passed_time":21.55574247,"remaining_time":5.558399003},
{"learn":[0.5319932582],"iteration":795,"passed_time":21.57683731,"remaining_time":5.529742224},
{"learn":[0.5319099963],"iteration":796,"passed_time":21.59784327,"remaining_time":5.501081788},
{"learn":[0.5317802513],"iteration":797,"passed_time":21.61993375,"remaining_time":5.472715061},
{"learn":[0.5316178497],"iteration":798,"passed_time":21.64189739,"remaining_time":5.444332134},
{"learn":[0.531528142],"iteration":799,"passed_time":21.6672657,"remaining_time":5.416816425},
{"learn":[0.5313803059],"iteration":800,"passed_time":21.68970052,"remaining_time":5.388577282},
{"learn":[0.5312961893],"iteration":801,"passed_time":21.70994232,"remaining_time":5.359811197},
{"learn":[0.5311714479],"iteration":802,"passed_time":21.73357622,"remaining_time":5.331898524},
{"learn":[0.5311032055],"iteration":803,"passed_time":21.75466958,"remaining_time":5.30337716},
{"learn":[0.5309994309],"iteration":804,"passed_time":21.7756794,"remaining_time":5.274854016},
{"learn":[0.5309219294],"iteration":805,"passed_time":21.79808317,"remaining_time":5.24668503},
{"learn":[0.5307586196],"iteration":806,"passed_time":21.81995711,"remaining_time":5.21840362},
{"learn":[0.5306039281],"iteration":807,"passed_time":21.84052549,"remaining_time":5.189827839},
{"learn":[0.5304594574],"iteration":808,"passed_time":21.86258479,"remaining_time":5.161623851},
{"learn":[0.5303781898],"iteration":809,"passed_time":21.88416154,"remaining_time":5.133321843},
{"learn":[0.530216545],"iteration":810,"passed_time":21.90586297,"remaining_time":5.105065477},
{"learn":[0.5301273091],"iteration":811,"passed_time":21.92647642,"remaining_time":5.076573359},
{"learn":[0.5300531551],"iteration":812,"passed_time":21.95551939,"remaining_time":5.050039515},
{"learn":[0.5299675161],"iteration":813,"passed_time":21.97700022,"remaining_time":5.021771549},
{"learn":[0.529851562],"iteration":814,"passed_time":21.99869631,"remaining_time":4.993569101},
{"learn":[0.5297512329],"iteration":815,"passed_time":22.02104711,"remaining_time":4.96553023},
{"learn":[0.5296648193],"iteration":816,"passed_time":22.04288469,"remaining_time":4.937390329},
{"learn":[0.5296056938],"iteration":817,"passed_time":22.06540135,"remaining_time":4.909416927},
{"learn":[0.5294925175],"iteration":818,"passed_time":22.18153219,"remaining_time":4.902145697},
{"learn":[0.5294189155],"iteration":819,"passed_time":22.22400074,"remaining_time":4.878439186},
{"learn":[0.5293524983],"iteration":820,"passed_time":22.24414843,"remaining_time":4.849820424},
{"learn":[0.5291976287],"iteration":821,"passed_time":22.26676192,"remaining_time":4.821756231},
{"learn":[0.5291327785],"iteration":822,"passed_time":22.30223805,"remaining_time":4.79647161},
{"learn":[0.5291079121],"iteration":823,"passed_time":22.32827544,"remaining_time":4.769146211},
{"learn":[0.5290141089],"iteration":824,"passed_time":22.35058073,"remaining_time":4.741032276},
{"learn":[0.5289231904],"iteration":825,"passed_time":22.37117857,"remaining_time":4.712572725},
{"learn":[0.5288255233],"iteration":826,"passed_time":22.39384384,"remaining_time":4.684564673},
{"learn":[0.5287549127],"iteration":827,"passed_time":22.41829119,"remaining_time":4.656939717},
{"learn":[0.5287121778],"iteration":828,"passed_time":22.43965758,"remaining_time":4.628686907},
{"learn":[0.528642965],"iteration":829,"passed_time":22.46184445,"remaining_time":4.600618743},
{"learn":[0.5285152411],"iteration":830,"passed_time":22.48379354,"remaining_time":4.572516377},
{"learn":[0.5285017796],"iteration":831,"passed_time":22.50268077,"remaining_time":4.54381054},
{"learn":[0.5284018689],"iteration":832,"passed_time":22.52282843,"remaining_time":4.51538097},
{"learn":[0.5283027862],"iteration":833,"passed_time":22.54504546,"remaining_time":4.48738315},
{"learn":[0.5281660611],"iteration":834,"passed_time":22.5689234,"remaining_time":4.459727379},
{"learn":[0.528002422],"iteration":835,"passed_time":22.59284184,"remaining_time":4.432088591},
{"learn":[0.5279267812],"iteration":836,"passed_time":22.61481552,"remaining_time":4.404079963},
{"learn":[0.5278409997],"iteration":837,"passed_time":22.63568731,"remaining_time":4.375872726},
{"learn":[0.5277272002],"iteration":838,"passed_time":22.65715092,"remaining_time":4.347796541},
{"learn":[0.5275880001],"iteration":839,"passed_time":22.67912434,"remaining_time":4.319833208},
{"learn":[0.5274994231],"iteration":840,"passed_time":22.70260956,"remaining_time":4.292169941},
{"learn":[0.527358843],"iteration":841,"passed_time":22.72513888,"remaining_time":4.264337225},
{"learn":[0.5272644611],"iteration":842,"passed_time":22.74893051,"remaining_time":4.236752183},
{"learn":[0.5270846094],"iteration":843,"passed_time":22.76905559,"remaining_time":4.208498427},
{"learn":[0.5269657975],"iteration":844,"passed_time":22.79087888,"remaining_time":4.180575416},
{"learn":[0.5268952314],"iteration":845,"passed_time":22.81228099,"remaining_time":4.152590156},
{"learn":[0.5267506093],"iteration":846,"passed_time":22.83559922,"remaining_time":4.124966566},
{"learn":[0.5265858039],"iteration":847,"passed_time":22.85903862,"remaining_time":4.097374847},
{"learn":[0.5264880389],"iteration":848,"passed_time":22.88066637,"remaining_time":4.069470698},
{"learn":[0.5263566379],"iteration":849,"passed_time":22.90292999,"remaining_time":4.041693528},
{"learn":[0.5262002904],"iteration":850,"passed_time":22.92489893,"remaining_time":4.01387772},
{"learn":[0.5259996677],"iteration":851,"passed_time":22.9495863,"remaining_time":3.986547855},
{"learn":[0.5258526062],"iteration":852,"passed_time":22.97210266,"remaining_time":3.958850048},
{"learn":[0.5257417358],"iteration":853,"passed_time":22.99730655,"remaining_time":3.931623836},
{"learn":[0.5256593909],"iteration":854,"passed_time":23.0217331,"remaining_time":3.904270526},
{"learn":[0.5255090174],"iteration":855,"passed_time":23.04272259,"remaining_time":3.876345857},
{"learn":[0.5253979779],"iteration":856,"passed_time":23.06448395,"remaining_time":3.848566167},
{"learn":[0.5253451646],"iteration":857,"passed_time":23.08599255,"remaining_time":3.820758674},
{"learn":[0.5252557863],"iteration":858,"passed_time":23.10889283,"remaining_time":3.793194283},
{"learn":[0.5252105852],"iteration":859,"passed_time":23.13210979,"remaining_time":3.765692292},
{"learn":[0.5250852562],"iteration":860,"passed_time":23.15545709,"remaining_time":3.738221295},
{"learn":[0.5250068287],"iteration":861,"passed_time":23.17656856,"remaining_time":3.710401927},
{"learn":[0.5248555204],"iteration":862,"passed_time":23.19861238,"remaining_time":3.682746114},
{"learn":[0.5247597941],"iteration":863,"passed_time":23.22156516,"remaining_time":3.655246368},
{"learn":[0.5247053427],"iteration":864,"passed_time":23.24201339,"remaining_time":3.627366251},
{"learn":[0.524645407],"iteration":865,"passed_time":23.26313111,"remaining_time":3.599606892},
{"learn":[0.5244991823],"iteration":866,"passed_time":23.28934891,"remaining_time":3.572645219},
{"learn":[0.5244066434],"iteration":867,"passed_time":23.31211979,"remaining_time":3.545161075},
{"learn":[0.5243037235],"iteration":868,"passed_time":23.33336741,"remaining_time":3.517458148},
{"learn":[0.5242518629],"iteration":869,"passed_time":23.35380707,"remaining_time":3.489649332},
{"learn":[0.5241661705],"iteration":870,"passed_time":23.37508508,"remaining_time":3.461981602},
{"learn":[0.5240990855],"iteration":871,"passed_time":23.39535235,"remaining_time":3.434180161},
{"learn":[0.5239959875],"iteration":872,"passed_time":23.42194778,"remaining_time":3.407316573},
{"learn":[0.5238980712],"iteration":873,"passed_time":23.44319838,"remaining_time":3.379683061},
{"learn":[0.5237778436],"iteration":874,"passed_time":23.46378755,"remaining_time":3.351969651},
{"learn":[0.5237007338],"iteration":875,"passed_time":23.48465445,"remaining_time":3.324311817},
{"learn":[0.5235984459],"iteration":876,"passed_time":23.50614141,"remaining_time":3.296756435},
{"learn":[0.52347853],"iteration":877,"passed_time":23.53043169,"remaining_time":3.269604403},
{"learn":[0.5233575011],"iteration":878,"passed_time":23.55624379,"remaining_time":3.242668372},
{"learn":[0.523225192],"iteration":879,"passed_time":23.57715858,"remaining_time":3.215067079},
{"learn":[0.5231001033],"iteration":880,"passed_time":23.59987999,"remaining_time":3.187724993},
{"learn":[0.5230042169],"iteration":881,"passed_time":23.62165316,"remaining_time":3.160266523},
{"learn":[0.5229439784],"iteration":882,"passed_time":23.64493673,"remaining_time":3.133021062},
{"learn":[0.5228438541],"iteration":883,"passed_time":23.66703829,"remaining_time":3.105629459},
{"learn":[0.5226843816],"iteration":884,"passed_time":23.69214299,"remaining_time":3.07864005},
{"learn":[0.5226504429],"iteration":885,"passed_time":23.71229483,"remaining_time":3.051017619},
{"learn":[0.5225693534],"iteration":886,"passed_time":23.73465808,"remaining_time":3.023693757},
{"learn":[0.5224337858],"iteration":887,"passed_time":23.75643225,"remaining_time":2.99630677},
{"learn":[0.5223553494],"iteration":888,"passed_time":23.77749294,"remaining_time":2.968843326},
{"learn":[0.5222447283],"iteration":889,"passed_time":23.80195489,"remaining_time":2.941814649},
{"learn":[0.5221791391],"iteration":890,"passed_time":23.82310431,"remaining_time":2.914386498},
{"learn":[0.5220228094],"iteration":891,"passed_time":23.85240801,"remaining_time":2.887959715},
{"learn":[0.5218940794],"iteration":892,"passed_time":23.87320004,"remaining_time":2.860506612},
{"learn":[0.5218032231],"iteration":893,"passed_time":23.8957188,"remaining_time":2.833273147},
{"learn":[0.5216396107],"iteration":894,"passed_time":23.91798753,"remaining_time":2.806020884},
{"learn":[0.521546867],"iteration":895,"passed_time":23.93928868,"remaining_time":2.778667436},
{"learn":[0.5214581387],"iteration":896,"passed_time":23.96168231,"remaining_time":2.75145293},
{"learn":[0.5213186091],"iteration":897,"passed_time":23.98533131,"remaining_time":2.724391753},
{"learn":[0.5212297828],"iteration":898,"passed_time":24.00716763,"remaining_time":2.697134517},
{"learn":[0.5210937166],"iteration":899,"passed_time":24.03168907,"remaining_time":2.670187675},
{"learn":[0.5209855527],"iteration":900,"passed_time":24.05247486,"remaining_time":2.64283575},
{"learn":[0.5208980886],"iteration":901,"passed_time":24.07390047,"remaining_time":2.6155679},
{"learn":[0.5207768372],"iteration":902,"passed_time":24.09612678,"remaining_time":2.588399},
{"learn":[0.5206634205],"iteration":903,"passed_time":24.11707951,"remaining_time":2.561105788},
{"learn":[0.5205594856],"iteration":904,"passed_time":24.14568334,"remaining_time":2.534629743},
{"learn":[0.5204148813],"iteration":905,"passed_time":24.16723676,"remaining_time":2.5074175},
{"learn":[0.5203116498],"iteration":906,"passed_time":24.18835091,"remaining_time":2.480172695},
{"learn":[0.5202205888],"iteration":907,"passed_time":24.2137902,"remaining_time":2.453379624},
{"learn":[0.5201035663],"iteration":908,"passed_time":24.23490606,"remaining_time":2.426156712},
{"learn":[0.519993693],"iteration":909,"passed_time":24.25630345,"remaining_time":2.398975067},
{"learn":[0.5198700645],"iteration":910,"passed_time":24.28033973,"remaining_time":2.372063925},
{"learn":[0.519737702],"iteration":911,"passed_time":24.30132513,"remaining_time":2.344864706},
{"learn":[0.5196176257],"iteration":912,"passed_time":24.32407555,"remaining_time":2.317847287},
{"learn":[0.5195097646],"iteration":913,"passed_time":24.34561744,"remaining_time":2.290725493},
{"learn":[0.5194099429],"iteration":914,"passed_time":24.3667801,"remaining_time":2.263580665},
{"learn":[0.5192716955],"iteration":915,"passed_time":24.38880144,"remaining_time":2.236527643},
{"learn":[0.5191722477],"iteration":916,"passed_time":24.41394383,"remaining_time":2.209768089},
{"learn":[0.5190088223],"iteration":917,"passed_time":24.4377698,"remaining_time":2.182894471},
{"learn":[0.5188413459],"iteration":918,"passed_time":24.46126393,"remaining_time":2.155998235},
{"learn":[0.5186965101],"iteration":919,"passed_time":24.48257235,"remaining_time":2.128919335},
{"learn":[0.5185518969],"iteration":920,"passed_time":24.50474268,"remaining_time":2.101926896},
{"learn":[0.5183992887],"iteration":921,"passed_time":24.52692301,"remaining_time":2.074945765},
{"learn":[0.5183485944],"iteration":922,"passed_time":24.55109647,"remaining_time":2.048141309},
{"learn":[0.5182148876],"iteration":923,"passed_time":24.57284745,"remaining_time":2.021143297},
{"learn":[0.5180852583],"iteration":924,"passed_time":24.59888261,"remaining_time":1.994503995},
{"learn":[0.5179478922],"iteration":925,"passed_time":24.62119868,"remaining_time":1.967568793},
{"learn":[0.5178452928],"iteration":926,"passed_time":24.64345198,"remaining_time":1.940638614},
{"learn":[0.5177289114],"iteration":927,"passed_time":24.66573566,"remaining_time":1.91372087},
{"learn":[0.5176259113],"iteration":928,"passed_time":24.6908581,"remaining_time":1.887030059},
{"learn":[0.5175332834],"iteration":929,"passed_time":24.71290353,"remaining_time":1.860111018},
{"learn":[0.5174654506],"iteration":930,"passed_time":24.73763651,"remaining_time":1.833401632},
{"learn":[0.5173905131],"iteration":931,"passed_time":24.76124029,"remaining_time":1.806614099},
{"learn":[0.5172938699],"iteration":932,"passed_time":24.78220562,"remaining_time":1.779643919},
{"learn":[0.5171640804],"iteration":933,"passed_time":24.8040196,"remaining_time":1.752746567},
{"learn":[0.5170631191],"iteration":934,"passed_time":24.82962601,"remaining_time":1.726123733},
{"learn":[0.5169276405],"iteration":935,"passed_time":24.8558975,"remaining_time":1.699548547},
{"learn":[0.5168042345],"iteration":936,"passed_time":24.87628054,"remaining_time":1.672578094},
{"learn":[0.5166998278],"iteration":937,"passed_time":24.89751493,"remaining_time":1.645677959},
{"learn":[0.5166041817],"iteration":938,"passed_time":24.91915025,"remaining_time":1.618815937},
{"learn":[0.516522006],"iteration":939,"passed_time":24.94152884,"remaining_time":1.592012479},
{"learn":[0.5163872752],"iteration":940,"passed_time":24.96606806,"remaining_time":1.565353896},
{"learn":[0.516281168],"iteration":941,"passed_time":24.98806623,"remaining_time":1.538543356},
{"learn":[0.5161754436],"iteration":942,"passed_time":25.01039958,"remaining_time":1.511763283},
{"learn":[0.5160454315],"iteration":943,"passed_time":25.03294895,"remaining_time":1.485005446},
{"learn":[0.5159097926],"iteration":944,"passed_time":25.05555921,"remaining_time":1.45826006},
{"learn":[0.5158301098],"iteration":945,"passed_time":25.07775362,"remaining_time":1.431499678},
{"learn":[0.5156512731],"iteration":946,"passed_time":25.1038718,"remaining_time":1.404968538},
{"learn":[0.515560132],"iteration":947,"passed_time":25.12552204,"remaining_time":1.378193192},
{"learn":[0.5154916759],"iteration":948,"passed_time":25.14865792,"remaining_time":1.351508487},
{"learn":[0.5153778942],"iteration":949,"passed_time":25.17141905,"remaining_time":1.324811529},
{"learn":[0.5152997071],"iteration":950,"passed_time":25.19176012,"remaining_time":1.297998155},
{"learn":[0.5151554144],"iteration":951,"passed_time":25.21570961,"remaining_time":1.271380316},
{"learn":[0.5150147898],"iteration":952,"passed_time":25.24085576,"remaining_time":1.244827094},
{"learn":[0.5149188588],"iteration":953,"passed_time":25.26372277,"remaining_time":1.218166926},
{"learn":[0.5148199097],"iteration":954,"passed_time":25.28567496,"remaining_time":1.191471595},
{"learn":[0.5147285371],"iteration":955,"passed_time":25.30723514,"remaining_time":1.164768145},
{"learn":[0.514590441],"iteration":956,"passed_time":25.33096434,"remaining_time":1.138172901},
{"learn":[0.5144265526],"iteration":957,"passed_time":25.35373359,"remaining_time":1.111541556},
{"learn":[0.5143605004],"iteration":958,"passed_time":25.39251455,"remaining_time":1.085602812},
{"learn":[0.5142581948],"iteration":959,"passed_time":25.4227897,"remaining_time":1.059282904},
{"learn":[0.514221603],"iteration":960,"passed_time":25.44433844,"remaining_time":1.032600623},
{"learn":[0.5141479743],"iteration":961,"passed_time":25.46596647,"remaining_time":1.005932147},
{"learn":[0.5140467727],"iteration":962,"passed_time":25.48746623,"remaining_time":0.9792692112},
{"learn":[0.5139839968],"iteration":963,"passed_time":25.50842728,"remaining_time":0.9525968693},
{"learn":[0.5138646596],"iteration":964,"passed_time":25.53483826,"remaining_time":0.9261340302},
{"learn":[0.5137088641],"iteration":965,"passed_time":25.55656368,"remaining_time":0.8995063822},
{"learn":[0.5135280508],"iteration":966,"passed_time":25.57904912,"remaining_time":0.8729148097},
{"learn":[0.5134072001],"iteration":967,"passed_time":25.60086359,"remaining_time":0.8463095403},
{"learn":[0.5133075565],"iteration":968,"passed_time":25.62222462,"remaining_time":0.8196996524},
{"learn":[0.5132398928],"iteration":969,"passed_time":25.64556146,"remaining_time":0.7931616945},
{"learn":[0.5131363141],"iteration":970,"passed_time":25.66920818,"remaining_time":0.7666395851},
{"learn":[0.513086884],"iteration":971,"passed_time":25.69396533,"remaining_time":0.7401553797},
{"learn":[0.5130301267],"iteration":972,"passed_time":25.71557449,"remaining_time":0.7135873702},
{"learn":[0.5128839377],"iteration":973,"passed_time":25.73869591,"remaining_time":0.6870699114},
{"learn":[0.5128123389],"iteration":974,"passed_time":25.76087312,"remaining_time":0.6605352081},
{"learn":[0.5126474355],"iteration":975,"passed_time":25.78445284,"remaining_time":0.6340439222},
{"learn":[0.5125183404],"iteration":976,"passed_time":25.80693396,"remaining_time":0.607532734},
{"learn":[0.5123840815],"iteration":977,"passed_time":25.83201575,"remaining_time":0.5810882889},
{"learn":[0.5122970536],"iteration":978,"passed_time":25.85030752,"remaining_time":0.5545009785},
{"learn":[0.5122235763],"iteration":979,"passed_time":25.87046862,"remaining_time":0.5279687473},
{"learn":[0.5121117354],"iteration":980,"passed_time":25.89323379,"remaining_time":0.5014999408},
{"learn":[0.5120384005],"iteration":981,"passed_time":25.91498209,"remaining_time":0.4750200382},
{"learn":[0.5119878309],"iteration":982,"passed_time":25.93516836,"remaining_time":0.4485227489},
{"learn":[0.511856697],"iteration":983,"passed_time":25.96213017,"remaining_time":0.4221484581},
{"learn":[0.511760579],"iteration":984,"passed_time":25.98556731,"remaining_time":0.3957192992},
{"learn":[0.5116469843],"iteration":985,"passed_time":26.00952755,"remaining_time":0.3693036367},
{"learn":[0.5115546946],"iteration":986,"passed_time":26.03221798,"remaining_time":0.3428762247},
{"learn":[0.5114096541],"iteration":987,"passed_time":26.05441869,"remaining_time":0.3164504294},
{"learn":[0.5113169193],"iteration":988,"passed_time":26.07630572,"remaining_time":0.2900296895},
{"learn":[0.5112679344],"iteration":989,"passed_time":26.09949106,"remaining_time":0.2636312229},
{"learn":[0.5111611772],"iteration":990,"passed_time":26.12169029,"remaining_time":0.2372302852},
{"learn":[0.5110839962],"iteration":991,"passed_time":26.14370461,"remaining_time":0.2108363275},
{"learn":[0.5109837828],"iteration":992,"passed_time":26.16443365,"remaining_time":0.1844421305},
{"learn":[0.5108510464],"iteration":993,"passed_time":26.18823751,"remaining_time":0.1580778924},
{"learn":[0.51079558],"iteration":994,"passed_time":26.20922346,"remaining_time":0.1317046405},
{"learn":[0.5106687107],"iteration":995,"passed_time":26.23107919,"remaining_time":0.1053456995},
{"learn":[0.5105721031],"iteration":996,"passed_time":26.25727074,"remaining_time":0.07900883874},
{"learn":[0.5104720588],"iteration":997,"passed_time":26.28082417,"remaining_time":0.0526669823},
{"learn":[0.5103941833],"iteration":998,"passed_time":26.30380745,"remaining_time":0.02633013758},
{"learn":[0.5103161832],"iteration":999,"passed_time":26.32549059,"remaining_time":0}
]}